dataset,model,precision,corruption,severity,endpoint_type,endpoint,clean_ap_native,corrupt_ap_native,d_native,clean_metric_sha256,corrupt_metric_sha256
coco,yolo11m,int8-entropy,fog,1,coco-area,small,0.31157072499655547,0.30693985998421897,0.004630865012336505,d42e7029b121dc78f82aad119e55c50987d06e2e82949fdb34c019a1e4a2731d,993d998fd21194876fed16fefcf734eec613aaf785a255a0960a916baddac89e
coco,yolo11m,int8-entropy,fog,1,coco-area,large,0.6302079858991781,0.6156017619621617,0.014606223937016494,d42e7029b121dc78f82aad119e55c50987d06e2e82949fdb34c019a1e4a2731d,993d998fd21194876fed16fefcf734eec613aaf785a255a0960a916baddac89e
coco,yolo11m,fp8,fog,1,coco-area,small,0.32326449878055546,0.32064178639851204,0.002622712382043424,3b99b00c4fe96f3c2949e82dd942fc23470640b1a14ab3097061df084f8586e1,3378328fd30f96bfd094d54a0d1db2f90293f1c8656d5abcc879bb785478bbd2
coco,yolo11m,fp8,fog,1,coco-area,large,0.6598306786538152,0.653351677507116,0.006479001146699193,3b99b00c4fe96f3c2949e82dd942fc23470640b1a14ab3097061df084f8586e1,3378328fd30f96bfd094d54a0d1db2f90293f1c8656d5abcc879bb785478bbd2
coco,yolo11m,int8-entropy,fog,3,coco-area,small,0.31157072499655547,0.3106596475486855,0.0009110774478699457,d42e7029b121dc78f82aad119e55c50987d06e2e82949fdb34c019a1e4a2731d,8cf119a72a058307478250f8a44bf82ba4e185691c596d1a516fb5531fb71fa4
coco,yolo11m,int8-entropy,fog,3,coco-area,large,0.6302079858991781,0.61556672592947,0.01464125996970811,d42e7029b121dc78f82aad119e55c50987d06e2e82949fdb34c019a1e4a2731d,8cf119a72a058307478250f8a44bf82ba4e185691c596d1a516fb5531fb71fa4
coco,yolo11m,fp8,fog,3,coco-area,small,0.32326449878055546,0.31981946471566897,0.0034450340648864985,3b99b00c4fe96f3c2949e82dd942fc23470640b1a14ab3097061df084f8586e1,519a6ab67515324a4e86567d20c6b54502fc6dcf8cadac9faad04460078edcee
coco,yolo11m,fp8,fog,3,coco-area,large,0.6598306786538152,0.6512263163847137,0.00860436226910144,3b99b00c4fe96f3c2949e82dd942fc23470640b1a14ab3097061df084f8586e1,519a6ab67515324a4e86567d20c6b54502fc6dcf8cadac9faad04460078edcee
coco,yolo11m,int8-entropy,fog,5,coco-area,small,0.31157072499655547,0.30045198464003603,0.011118740356519441,d42e7029b121dc78f82aad119e55c50987d06e2e82949fdb34c019a1e4a2731d,6e4fff1e04164b636b0c8ecf58d4cb41c663634a096a3643f9e9cd14c32fa2a1
coco,yolo11m,int8-entropy,fog,5,coco-area,large,0.6302079858991781,0.613338521747794,0.016869464151384128,d42e7029b121dc78f82aad119e55c50987d06e2e82949fdb34c019a1e4a2731d,6e4fff1e04164b636b0c8ecf58d4cb41c663634a096a3643f9e9cd14c32fa2a1
coco,yolo11m,fp8,fog,5,coco-area,small,0.32326449878055546,0.3114740445620052,0.01179045421855024,3b99b00c4fe96f3c2949e82dd942fc23470640b1a14ab3097061df084f8586e1,2d1ef9c45e78aa1475f388b08cb054ec3cf5704e7ba2207c06f38b74ea63b26c
coco,yolo11m,fp8,fog,5,coco-area,large,0.6598306786538152,0.6478424841794389,0.011988194474376268,3b99b00c4fe96f3c2949e82dd942fc23470640b1a14ab3097061df084f8586e1,2d1ef9c45e78aa1475f388b08cb054ec3cf5704e7ba2207c06f38b74ea63b26c
coco,yolo11m,int8-entropy,gaussian_noise,1,coco-area,small,0.31157072499655547,0.28592846575785225,0.025642259238703224,d42e7029b121dc78f82aad119e55c50987d06e2e82949fdb34c019a1e4a2731d,cc40298875c6daba5b8f5fbcbd9ffb7380ffa4e6c4a85dc7cae1f2f5bf7c6f29
coco,yolo11m,int8-entropy,gaussian_noise,1,coco-area,large,0.6302079858991781,0.6131670024720368,0.017040983427141332,d42e7029b121dc78f82aad119e55c50987d06e2e82949fdb34c019a1e4a2731d,cc40298875c6daba5b8f5fbcbd9ffb7380ffa4e6c4a85dc7cae1f2f5bf7c6f29
coco,yolo11m,fp8,gaussian_noise,1,coco-area,small,0.32326449878055546,0.2978345194646541,0.025429979315901352,3b99b00c4fe96f3c2949e82dd942fc23470640b1a14ab3097061df084f8586e1,0ebfbc35ce3bfc9361ba4f358e53d1343865c3ba0b387bbbd24af7dc9c51ed5f
coco,yolo11m,fp8,gaussian_noise,1,coco-area,large,0.6598306786538152,0.6383048827767072,0.02152579587710801,3b99b00c4fe96f3c2949e82dd942fc23470640b1a14ab3097061df084f8586e1,0ebfbc35ce3bfc9361ba4f358e53d1343865c3ba0b387bbbd24af7dc9c51ed5f
coco,yolo11m,int8-entropy,gaussian_noise,3,coco-area,small,0.31157072499655547,0.23814972719223948,0.07342099780431599,d42e7029b121dc78f82aad119e55c50987d06e2e82949fdb34c019a1e4a2731d,df81607d77d3f7526993a74bd64c93afeff6ee9b3d50397a4e6ad84d428e651f
coco,yolo11m,int8-entropy,gaussian_noise,3,coco-area,large,0.6302079858991781,0.5520055322401419,0.07820245365903622,d42e7029b121dc78f82aad119e55c50987d06e2e82949fdb34c019a1e4a2731d,df81607d77d3f7526993a74bd64c93afeff6ee9b3d50397a4e6ad84d428e651f
coco,yolo11m,fp8,gaussian_noise,3,coco-area,small,0.32326449878055546,0.24230063321960196,0.0809638655609535,3b99b00c4fe96f3c2949e82dd942fc23470640b1a14ab3097061df084f8586e1,79d6842d35d09780e165902e0fa1a8abb2d94d29d4b00c56e882ebaf552a19a7
coco,yolo11m,fp8,gaussian_noise,3,coco-area,large,0.6598306786538152,0.5778198332637575,0.08201084539005765,3b99b00c4fe96f3c2949e82dd942fc23470640b1a14ab3097061df084f8586e1,79d6842d35d09780e165902e0fa1a8abb2d94d29d4b00c56e882ebaf552a19a7
coco,yolo11m,int8-entropy,gaussian_noise,5,coco-area,small,0.31157072499655547,0.12495597837575088,0.18661474662080457,d42e7029b121dc78f82aad119e55c50987d06e2e82949fdb34c019a1e4a2731d,e1f5353fc67cc6747346e4788adced461cd579fe52857272aa2acece9b92d3bd
coco,yolo11m,int8-entropy,gaussian_noise,5,coco-area,large,0.6302079858991781,0.43138455132055187,0.19882343457862628,d42e7029b121dc78f82aad119e55c50987d06e2e82949fdb34c019a1e4a2731d,e1f5353fc67cc6747346e4788adced461cd579fe52857272aa2acece9b92d3bd
coco,yolo11m,fp8,gaussian_noise,5,coco-area,small,0.32326449878055546,0.13082395465348368,0.1924405441270718,3b99b00c4fe96f3c2949e82dd942fc23470640b1a14ab3097061df084f8586e1,ad84fd492ce8c1b99f5611d4f6bf6cd4e8be765cf48965934c774bd4eb0c1760
coco,yolo11m,fp8,gaussian_noise,5,coco-area,large,0.6598306786538152,0.428524355300551,0.23130632335326418,3b99b00c4fe96f3c2949e82dd942fc23470640b1a14ab3097061df084f8586e1,ad84fd492ce8c1b99f5611d4f6bf6cd4e8be765cf48965934c774bd4eb0c1760
coco,yolo11m,int8-entropy,jpeg,1,coco-area,small,0.31157072499655547,0.2786654616264581,0.03290526337009736,d42e7029b121dc78f82aad119e55c50987d06e2e82949fdb34c019a1e4a2731d,491e414dfc3b67f65e3bcf4940c4e7b69e9a09e5d9a28f410e68dafd576fe26b
coco,yolo11m,int8-entropy,jpeg,1,coco-area,large,0.6302079858991781,0.6102074589022257,0.020000526996952428,d42e7029b121dc78f82aad119e55c50987d06e2e82949fdb34c019a1e4a2731d,491e414dfc3b67f65e3bcf4940c4e7b69e9a09e5d9a28f410e68dafd576fe26b
coco,yolo11m,fp8,jpeg,1,coco-area,small,0.32326449878055546,0.29627747895336415,0.026987019827191316,3b99b00c4fe96f3c2949e82dd942fc23470640b1a14ab3097061df084f8586e1,67b2a74473ce6600e98f91253897421960097992f4ae65e8306939f216c64ca1
coco,yolo11m,fp8,jpeg,1,coco-area,large,0.6598306786538152,0.650576698344619,0.00925398030919622,3b99b00c4fe96f3c2949e82dd942fc23470640b1a14ab3097061df084f8586e1,67b2a74473ce6600e98f91253897421960097992f4ae65e8306939f216c64ca1
coco,yolo11m,int8-entropy,jpeg,3,coco-area,small,0.31157072499655547,0.2112530326768512,0.10031769231970428,d42e7029b121dc78f82aad119e55c50987d06e2e82949fdb34c019a1e4a2731d,7b128893611260fa2571c02c169a0ca9edcd74c0f21850c4c3b6b8039c6b50eb
coco,yolo11m,int8-entropy,jpeg,3,coco-area,large,0.6302079858991781,0.5232942083314106,0.10691377756776754,d42e7029b121dc78f82aad119e55c50987d06e2e82949fdb34c019a1e4a2731d,7b128893611260fa2571c02c169a0ca9edcd74c0f21850c4c3b6b8039c6b50eb
coco,yolo11m,fp8,jpeg,3,coco-area,small,0.32326449878055546,0.23537493329042655,0.08788956549012891,3b99b00c4fe96f3c2949e82dd942fc23470640b1a14ab3097061df084f8586e1,d5e0a8fc95003a23f5f649a1894e1e038bdb3007d6af7d73fc946081ae92a777
coco,yolo11m,fp8,jpeg,3,coco-area,large,0.6598306786538152,0.5815722440927833,0.07825843456103188,3b99b00c4fe96f3c2949e82dd942fc23470640b1a14ab3097061df084f8586e1,d5e0a8fc95003a23f5f649a1894e1e038bdb3007d6af7d73fc946081ae92a777
coco,yolo11m,int8-entropy,jpeg,5,coco-area,small,0.31157072499655547,0.08101002986320646,0.230560695133349,d42e7029b121dc78f82aad119e55c50987d06e2e82949fdb34c019a1e4a2731d,83ce37ad00d76c8cf722df56e921ee256ed1c3b292d9d2e43e9289894bc7505e
coco,yolo11m,int8-entropy,jpeg,5,coco-area,large,0.6302079858991781,0.22300833939627107,0.4071996465029071,d42e7029b121dc78f82aad119e55c50987d06e2e82949fdb34c019a1e4a2731d,83ce37ad00d76c8cf722df56e921ee256ed1c3b292d9d2e43e9289894bc7505e
coco,yolo11m,fp8,jpeg,5,coco-area,small,0.32326449878055546,0.08720122233141253,0.23606327644914293,3b99b00c4fe96f3c2949e82dd942fc23470640b1a14ab3097061df084f8586e1,b1738a058ef810b698cd815d631bea6c742cb7241ba2c4c8f153968a0ceb2159
coco,yolo11m,fp8,jpeg,5,coco-area,large,0.6598306786538152,0.24535813880437438,0.41447253984944077,3b99b00c4fe96f3c2949e82dd942fc23470640b1a14ab3097061df084f8586e1,b1738a058ef810b698cd815d631bea6c742cb7241ba2c4c8f153968a0ceb2159
coco,yolo11m,int8-entropy,motion_blur,1,coco-area,small,0.31157072499655547,0.1987457868490809,0.11282493814747457,d42e7029b121dc78f82aad119e55c50987d06e2e82949fdb34c019a1e4a2731d,e983946fd7c185f11d7e358355f94434a6af1323482485b98882833965da00f2
coco,yolo11m,int8-entropy,motion_blur,1,coco-area,large,0.6302079858991781,0.598923536634675,0.031284449264503134,d42e7029b121dc78f82aad119e55c50987d06e2e82949fdb34c019a1e4a2731d,e983946fd7c185f11d7e358355f94434a6af1323482485b98882833965da00f2
coco,yolo11m,fp8,motion_blur,1,coco-area,small,0.32326449878055546,0.21908347633643319,0.10418102244412228,3b99b00c4fe96f3c2949e82dd942fc23470640b1a14ab3097061df084f8586e1,4f0ec99b08c6d2759579ebe29a1081043794bb7ba34f5482b9457773d4f4ff4f
coco,yolo11m,fp8,motion_blur,1,coco-area,large,0.6598306786538152,0.6359680376157673,0.023862641038047916,3b99b00c4fe96f3c2949e82dd942fc23470640b1a14ab3097061df084f8586e1,4f0ec99b08c6d2759579ebe29a1081043794bb7ba34f5482b9457773d4f4ff4f
coco,yolo11m,int8-entropy,motion_blur,3,coco-area,small,0.31157072499655547,0.044495588338835566,0.2670751366577199,d42e7029b121dc78f82aad119e55c50987d06e2e82949fdb34c019a1e4a2731d,22d85505fa1cddb92ed5a2da451be1bab6df3ddf04886d0e25897604500aabd8
coco,yolo11m,int8-entropy,motion_blur,3,coco-area,large,0.6302079858991781,0.3964805054270635,0.23372748047211467,d42e7029b121dc78f82aad119e55c50987d06e2e82949fdb34c019a1e4a2731d,22d85505fa1cddb92ed5a2da451be1bab6df3ddf04886d0e25897604500aabd8
coco,yolo11m,fp8,motion_blur,3,coco-area,small,0.32326449878055546,0.05125314716717842,0.27201135161337703,3b99b00c4fe96f3c2949e82dd942fc23470640b1a14ab3097061df084f8586e1,b0aba616ad5ff5980a4e50105d8bf13d58a86ca29d8ec91b3767dc02d54a98d0
coco,yolo11m,fp8,motion_blur,3,coco-area,large,0.6598306786538152,0.4602585626378529,0.19957211601596225,3b99b00c4fe96f3c2949e82dd942fc23470640b1a14ab3097061df084f8586e1,b0aba616ad5ff5980a4e50105d8bf13d58a86ca29d8ec91b3767dc02d54a98d0
coco,yolo11m,int8-entropy,motion_blur,5,coco-area,small,0.31157072499655547,0.009085173364250083,0.3024855516323054,d42e7029b121dc78f82aad119e55c50987d06e2e82949fdb34c019a1e4a2731d,6806424efb7a9ec21d8a3a26456f9ec92a4f4ad42205375c6890973d8c11d666
coco,yolo11m,int8-entropy,motion_blur,5,coco-area,large,0.6302079858991781,0.18777344725370773,0.44243453864547044,d42e7029b121dc78f82aad119e55c50987d06e2e82949fdb34c019a1e4a2731d,6806424efb7a9ec21d8a3a26456f9ec92a4f4ad42205375c6890973d8c11d666
coco,yolo11m,fp8,motion_blur,5,coco-area,small,0.32326449878055546,0.010204535567164509,0.31305996321339097,3b99b00c4fe96f3c2949e82dd942fc23470640b1a14ab3097061df084f8586e1,bae73cd826d6a83024beb6e2ec0161c0521e988294a51a0d57f2d3dd428d1703
coco,yolo11m,fp8,motion_blur,5,coco-area,large,0.6598306786538152,0.23452036941129778,0.4253103092425174,3b99b00c4fe96f3c2949e82dd942fc23470640b1a14ab3097061df084f8586e1,bae73cd826d6a83024beb6e2ec0161c0521e988294a51a0d57f2d3dd428d1703
coco,yolo11n,int8-entropy,fog,1,coco-area,small,0.17863356026601016,0.17314035677926015,0.0054932034867500035,50bc481795941966ca46d0cd78facca2811f0e77a83c5bcf4aa6c4c7e38487c7,f3e4ed19e271c63308c6cacdf341f8305eb751e9e0427e21425dc55bf7df41fd
coco,yolo11n,int8-entropy,fog,1,coco-area,large,0.5451938957193468,0.5362862892061068,0.008907606513240074,50bc481795941966ca46d0cd78facca2811f0e77a83c5bcf4aa6c4c7e38487c7,f3e4ed19e271c63308c6cacdf341f8305eb751e9e0427e21425dc55bf7df41fd
coco,yolo11n,fp8,fog,1,coco-area,small,0.18906450018136642,0.18689978348720931,0.002164716694157104,52248f901ecac02b3080421d147b89c4bde8bd0ff47677db2f757b4487fe2691,06ba82301c9a4105e5baa7a2087439c337dffcdf9ba962f553751d384c221f0d
coco,yolo11n,fp8,fog,1,coco-area,large,0.5507655944762213,0.5383413646691441,0.012424229807077247,52248f901ecac02b3080421d147b89c4bde8bd0ff47677db2f757b4487fe2691,06ba82301c9a4105e5baa7a2087439c337dffcdf9ba962f553751d384c221f0d
coco,yolo11n,int8-entropy,fog,3,coco-area,small,0.17863356026601016,0.1656593113613379,0.012974248904672248,50bc481795941966ca46d0cd78facca2811f0e77a83c5bcf4aa6c4c7e38487c7,6f5c245ed7699e36706974ca278ee5121878d1158093768fc556cc21df6ff38e
coco,yolo11n,int8-entropy,fog,3,coco-area,large,0.5451938957193468,0.5222618338419658,0.02293206187738106,50bc481795941966ca46d0cd78facca2811f0e77a83c5bcf4aa6c4c7e38487c7,6f5c245ed7699e36706974ca278ee5121878d1158093768fc556cc21df6ff38e
coco,yolo11n,fp8,fog,3,coco-area,small,0.18906450018136642,0.18070174324529326,0.008362756936073162,52248f901ecac02b3080421d147b89c4bde8bd0ff47677db2f757b4487fe2691,4bd5fb6994993d015cb12bd76495e20cffc8cb25bbb70fd93087444f0f61d208
coco,yolo11n,fp8,fog,3,coco-area,large,0.5507655944762213,0.5261176782112326,0.024647916264988745,52248f901ecac02b3080421d147b89c4bde8bd0ff47677db2f757b4487fe2691,4bd5fb6994993d015cb12bd76495e20cffc8cb25bbb70fd93087444f0f61d208
coco,yolo11n,int8-entropy,fog,5,coco-area,small,0.17863356026601016,0.16260459166625701,0.01602896859975314,50bc481795941966ca46d0cd78facca2811f0e77a83c5bcf4aa6c4c7e38487c7,674c011135ecebf850d790b76908cb6112c64f79dfcc4cbe710c8ebda3654cfd
coco,yolo11n,int8-entropy,fog,5,coco-area,large,0.5451938957193468,0.5069979131243152,0.03819598259503165,50bc481795941966ca46d0cd78facca2811f0e77a83c5bcf4aa6c4c7e38487c7,674c011135ecebf850d790b76908cb6112c64f79dfcc4cbe710c8ebda3654cfd
coco,yolo11n,fp8,fog,5,coco-area,small,0.18906450018136642,0.1752365722035125,0.013827927977853927,52248f901ecac02b3080421d147b89c4bde8bd0ff47677db2f757b4487fe2691,e8b38b2131d86e93d6f4a71d4a3f71712ed9607f2fd1c85bf53160b750de9e97
coco,yolo11n,fp8,fog,5,coco-area,large,0.5507655944762213,0.5140623832725542,0.03670321120366715,52248f901ecac02b3080421d147b89c4bde8bd0ff47677db2f757b4487fe2691,e8b38b2131d86e93d6f4a71d4a3f71712ed9607f2fd1c85bf53160b750de9e97
coco,yolo11n,int8-entropy,gaussian_noise,1,coco-area,small,0.17863356026601016,0.16800133177248674,0.01063222849352341,50bc481795941966ca46d0cd78facca2811f0e77a83c5bcf4aa6c4c7e38487c7,e364548e6632b6daec660a44039540bf129a46745079f8450e2038abb04f3a8d
coco,yolo11n,int8-entropy,gaussian_noise,1,coco-area,large,0.5451938957193468,0.516633903398922,0.028559992320424832,50bc481795941966ca46d0cd78facca2811f0e77a83c5bcf4aa6c4c7e38487c7,e364548e6632b6daec660a44039540bf129a46745079f8450e2038abb04f3a8d
coco,yolo11n,fp8,gaussian_noise,1,coco-area,small,0.18906450018136642,0.17551349883561984,0.013551001345746577,52248f901ecac02b3080421d147b89c4bde8bd0ff47677db2f757b4487fe2691,4f274887256e1f1dff78da1fea3d4ddecdbde0ea1fc0f55687a0d729ec0d9b90
coco,yolo11n,fp8,gaussian_noise,1,coco-area,large,0.5507655944762213,0.5174535354998632,0.03331205897635814,52248f901ecac02b3080421d147b89c4bde8bd0ff47677db2f757b4487fe2691,4f274887256e1f1dff78da1fea3d4ddecdbde0ea1fc0f55687a0d729ec0d9b90
coco,yolo11n,int8-entropy,gaussian_noise,3,coco-area,small,0.17863356026601016,0.118512496732912,0.06012106353309815,50bc481795941966ca46d0cd78facca2811f0e77a83c5bcf4aa6c4c7e38487c7,6698342b952ac50e3eaa9bc062df78b3ba606fa315ea8e0a48ad4985a9501d15
coco,yolo11n,int8-entropy,gaussian_noise,3,coco-area,large,0.5451938957193468,0.3977479932388205,0.14744590248052636,50bc481795941966ca46d0cd78facca2811f0e77a83c5bcf4aa6c4c7e38487c7,6698342b952ac50e3eaa9bc062df78b3ba606fa315ea8e0a48ad4985a9501d15
coco,yolo11n,fp8,gaussian_noise,3,coco-area,small,0.18906450018136642,0.11886293380513552,0.0702015663762309,52248f901ecac02b3080421d147b89c4bde8bd0ff47677db2f757b4487fe2691,aa7d3f1b5e0e5bf07e51008093ad1b82368e1929b7dc96956823a0d5e21f121f
coco,yolo11n,fp8,gaussian_noise,3,coco-area,large,0.5507655944762213,0.4014145652014684,0.1493510292747529,52248f901ecac02b3080421d147b89c4bde8bd0ff47677db2f757b4487fe2691,aa7d3f1b5e0e5bf07e51008093ad1b82368e1929b7dc96956823a0d5e21f121f
coco,yolo11n,int8-entropy,gaussian_noise,5,coco-area,small,0.17863356026601016,0.0519043342451028,0.12672922602090736,50bc481795941966ca46d0cd78facca2811f0e77a83c5bcf4aa6c4c7e38487c7,4db57d20a732555b94b35d5e212e76a4d25b65245edecc2c6471476870c9f998
coco,yolo11n,int8-entropy,gaussian_noise,5,coco-area,large,0.5451938957193468,0.17408726364107635,0.3711066320782705,50bc481795941966ca46d0cd78facca2811f0e77a83c5bcf4aa6c4c7e38487c7,4db57d20a732555b94b35d5e212e76a4d25b65245edecc2c6471476870c9f998
coco,yolo11n,fp8,gaussian_noise,5,coco-area,small,0.18906450018136642,0.056306257218723496,0.13275824296264294,52248f901ecac02b3080421d147b89c4bde8bd0ff47677db2f757b4487fe2691,aac75a3f7166f072511fad1e403b34e5b4ef7a0053e2688ae52445225a871e16
coco,yolo11n,fp8,gaussian_noise,5,coco-area,large,0.5507655944762213,0.18747283902324638,0.3632927554529749,52248f901ecac02b3080421d147b89c4bde8bd0ff47677db2f757b4487fe2691,aac75a3f7166f072511fad1e403b34e5b4ef7a0053e2688ae52445225a871e16
coco,yolo11n,int8-entropy,jpeg,1,coco-area,small,0.17863356026601016,0.17663518535956885,0.001998374906441308,50bc481795941966ca46d0cd78facca2811f0e77a83c5bcf4aa6c4c7e38487c7,b93eee01146662d15e0cffd78916729192a0196fa2b2d7a84f9fc2fb75029de6
coco,yolo11n,int8-entropy,jpeg,1,coco-area,large,0.5451938957193468,0.5335449375844576,0.011648958134889198,50bc481795941966ca46d0cd78facca2811f0e77a83c5bcf4aa6c4c7e38487c7,b93eee01146662d15e0cffd78916729192a0196fa2b2d7a84f9fc2fb75029de6
coco,yolo11n,fp8,jpeg,1,coco-area,small,0.18906450018136642,0.18205092659875444,0.007013573582611982,52248f901ecac02b3080421d147b89c4bde8bd0ff47677db2f757b4487fe2691,93a9a5b565508f6552d0240d2f9c0298cdf3e31fc0d7978ea48d81b488ec3efc
coco,yolo11n,fp8,jpeg,1,coco-area,large,0.5507655944762213,0.5456753218176937,0.005090272658527573,52248f901ecac02b3080421d147b89c4bde8bd0ff47677db2f757b4487fe2691,93a9a5b565508f6552d0240d2f9c0298cdf3e31fc0d7978ea48d81b488ec3efc
coco,yolo11n,int8-entropy,jpeg,3,coco-area,small,0.17863356026601016,0.15269157176978315,0.025941988496227003,50bc481795941966ca46d0cd78facca2811f0e77a83c5bcf4aa6c4c7e38487c7,da5face9f90751c67b0feaf0fd91b38ea02cb11ad65d26d485282a1ad01e4b76
coco,yolo11n,int8-entropy,jpeg,3,coco-area,large,0.5451938957193468,0.5064949533418933,0.03869894237745353,50bc481795941966ca46d0cd78facca2811f0e77a83c5bcf4aa6c4c7e38487c7,da5face9f90751c67b0feaf0fd91b38ea02cb11ad65d26d485282a1ad01e4b76
coco,yolo11n,fp8,jpeg,3,coco-area,small,0.18906450018136642,0.16549293862119696,0.023571561560169457,52248f901ecac02b3080421d147b89c4bde8bd0ff47677db2f757b4487fe2691,34203c9e162ed71de878bf322438cffc09e1b04e3ae7fbf8b561789e574b8b89
coco,yolo11n,fp8,jpeg,3,coco-area,large,0.5507655944762213,0.5095044181942371,0.041261176281984224,52248f901ecac02b3080421d147b89c4bde8bd0ff47677db2f757b4487fe2691,34203c9e162ed71de878bf322438cffc09e1b04e3ae7fbf8b561789e574b8b89
coco,yolo11n,int8-entropy,jpeg,5,coco-area,small,0.17863356026601016,0.10682046160351952,0.07181309866249064,50bc481795941966ca46d0cd78facca2811f0e77a83c5bcf4aa6c4c7e38487c7,52bac03d651db828a86d28a3604737c5ae2ceaa5fa5bd0c9fc321d7592047aa6
coco,yolo11n,int8-entropy,jpeg,5,coco-area,large,0.5451938957193468,0.30821711176951483,0.23697678394983201,50bc481795941966ca46d0cd78facca2811f0e77a83c5bcf4aa6c4c7e38487c7,52bac03d651db828a86d28a3604737c5ae2ceaa5fa5bd0c9fc321d7592047aa6
coco,yolo11n,fp8,jpeg,5,coco-area,small,0.18906450018136642,0.10861068129645113,0.08045381888491529,52248f901ecac02b3080421d147b89c4bde8bd0ff47677db2f757b4487fe2691,0baeebc601035e7c192e5cccfad8d783e255737f9088a63fd64a78364c73421f
coco,yolo11n,fp8,jpeg,5,coco-area,large,0.5507655944762213,0.29168434596374226,0.25908124851247905,52248f901ecac02b3080421d147b89c4bde8bd0ff47677db2f757b4487fe2691,0baeebc601035e7c192e5cccfad8d783e255737f9088a63fd64a78364c73421f
coco,yolo11n,int8-entropy,motion_blur,1,coco-area,small,0.17863356026601016,0.11774552539878716,0.060888034867222995,50bc481795941966ca46d0cd78facca2811f0e77a83c5bcf4aa6c4c7e38487c7,378f377ab5255e065e9a8d51a2571e1c471c96543d4a63553f4311589dbc749c
coco,yolo11n,int8-entropy,motion_blur,1,coco-area,large,0.5451938957193468,0.5027922959496681,0.04240159976967872,50bc481795941966ca46d0cd78facca2811f0e77a83c5bcf4aa6c4c7e38487c7,378f377ab5255e065e9a8d51a2571e1c471c96543d4a63553f4311589dbc749c
coco,yolo11n,fp8,motion_blur,1,coco-area,small,0.18906450018136642,0.13272420275199606,0.056340297429370356,52248f901ecac02b3080421d147b89c4bde8bd0ff47677db2f757b4487fe2691,c0e818bc4269ef07d9bb352a755362df750962f11e6994b739cf5b8e0f082b66
coco,yolo11n,fp8,motion_blur,1,coco-area,large,0.5507655944762213,0.5059132308210832,0.04485236365513812,52248f901ecac02b3080421d147b89c4bde8bd0ff47677db2f757b4487fe2691,c0e818bc4269ef07d9bb352a755362df750962f11e6994b739cf5b8e0f082b66
coco,yolo11n,int8-entropy,motion_blur,3,coco-area,small,0.17863356026601016,0.03009539269004406,0.1485381675759661,50bc481795941966ca46d0cd78facca2811f0e77a83c5bcf4aa6c4c7e38487c7,2e01993e446070c988eb18165ac0c4b8cc9288e86b2684d4141e4d9f57a7bb78
coco,yolo11n,int8-entropy,motion_blur,3,coco-area,large,0.5451938957193468,0.2811644558396881,0.26402943987965877,50bc481795941966ca46d0cd78facca2811f0e77a83c5bcf4aa6c4c7e38487c7,2e01993e446070c988eb18165ac0c4b8cc9288e86b2684d4141e4d9f57a7bb78
coco,yolo11n,fp8,motion_blur,3,coco-area,small,0.18906450018136642,0.0357249852692668,0.15333951491209963,52248f901ecac02b3080421d147b89c4bde8bd0ff47677db2f757b4487fe2691,c7f68cc30b88878aaaefc0afcc7fff95de2641aebba7b2dd9b9e4ec229905e05
coco,yolo11n,fp8,motion_blur,3,coco-area,large,0.5507655944762213,0.28864371142963163,0.2621218830465897,52248f901ecac02b3080421d147b89c4bde8bd0ff47677db2f757b4487fe2691,c7f68cc30b88878aaaefc0afcc7fff95de2641aebba7b2dd9b9e4ec229905e05
coco,yolo11n,int8-entropy,motion_blur,5,coco-area,small,0.17863356026601016,0.005354732655326409,0.17327882761068375,50bc481795941966ca46d0cd78facca2811f0e77a83c5bcf4aa6c4c7e38487c7,dda5ee3cfd91e6b2a500c12c81c7654a8ed7c38bd9d456877f84f4157e8d6be1
coco,yolo11n,int8-entropy,motion_blur,5,coco-area,large,0.5451938957193468,0.12658054852307726,0.4186133471962696,50bc481795941966ca46d0cd78facca2811f0e77a83c5bcf4aa6c4c7e38487c7,dda5ee3cfd91e6b2a500c12c81c7654a8ed7c38bd9d456877f84f4157e8d6be1
coco,yolo11n,fp8,motion_blur,5,coco-area,small,0.18906450018136642,0.005013875761823852,0.18405062441954256,52248f901ecac02b3080421d147b89c4bde8bd0ff47677db2f757b4487fe2691,2d579e4f896b7ade7f097670264c493a4a38596b2cecfd6d9fdb36b20f9a8881
coco,yolo11n,fp8,motion_blur,5,coco-area,large,0.5507655944762213,0.1245746885730948,0.4261909059031265,52248f901ecac02b3080421d147b89c4bde8bd0ff47677db2f757b4487fe2691,2d579e4f896b7ade7f097670264c493a4a38596b2cecfd6d9fdb36b20f9a8881
coco,yolo11x,int8-entropy,fog,1,coco-area,small,0.351353247525937,0.358397755236869,-0.007044507710932013,388264898ccf423b199e1a07c232c8026453d04cebba2d64a796cda00d4d8a0a,6d1cfb8982def5880eb891727e015ddaa68b5a7c86dde32e87322135b0c165a5
coco,yolo11x,int8-entropy,fog,1,coco-area,large,0.677015297973617,0.6742368956861189,0.0027784022874981495,388264898ccf423b199e1a07c232c8026453d04cebba2d64a796cda00d4d8a0a,6d1cfb8982def5880eb891727e015ddaa68b5a7c86dde32e87322135b0c165a5
coco,yolo11x,fp8,fog,1,coco-area,small,0.3580619344566013,0.35597518013880175,0.002086754317799533,67a28953e3b48ebf1e86bbd077ce53a35ed24137d02d4275b29195c13381f6cb,59520aa2ea62dbc20f0b11635eb344ce95b6daf8c5c2d7b22d047e82e2f683c3
coco,yolo11x,fp8,fog,1,coco-area,large,0.6892302903767772,0.6821132641759123,0.007117026200864851,67a28953e3b48ebf1e86bbd077ce53a35ed24137d02d4275b29195c13381f6cb,59520aa2ea62dbc20f0b11635eb344ce95b6daf8c5c2d7b22d047e82e2f683c3
coco,yolo11x,int8-entropy,fog,3,coco-area,small,0.351353247525937,0.348002819655262,0.0033504278706750212,388264898ccf423b199e1a07c232c8026453d04cebba2d64a796cda00d4d8a0a,e5f28a0417c09d6a34eba351b0e1641707f6c64bfa3328695d4724f1cf0af885
coco,yolo11x,int8-entropy,fog,3,coco-area,large,0.677015297973617,0.667380441189733,0.009634856783883983,388264898ccf423b199e1a07c232c8026453d04cebba2d64a796cda00d4d8a0a,e5f28a0417c09d6a34eba351b0e1641707f6c64bfa3328695d4724f1cf0af885
coco,yolo11x,fp8,fog,3,coco-area,small,0.3580619344566013,0.3547007891396257,0.0033611453169755667,67a28953e3b48ebf1e86bbd077ce53a35ed24137d02d4275b29195c13381f6cb,8bfdbb75ad3bde8bf8bb6746da300e52f4625d85b73629c26a6724f1ed1b5463
coco,yolo11x,fp8,fog,3,coco-area,large,0.6892302903767772,0.6799441721645525,0.009286118212224692,67a28953e3b48ebf1e86bbd077ce53a35ed24137d02d4275b29195c13381f6cb,8bfdbb75ad3bde8bf8bb6746da300e52f4625d85b73629c26a6724f1ed1b5463
coco,yolo11x,int8-entropy,fog,5,coco-area,small,0.351353247525937,0.347447803298222,0.0039054442277149937,388264898ccf423b199e1a07c232c8026453d04cebba2d64a796cda00d4d8a0a,3086bd05ed329f0d3bd36c6310cf0386c7bb362451e8a7b9ca68d47a669e6bb4
coco,yolo11x,int8-entropy,fog,5,coco-area,large,0.677015297973617,0.6632170563400075,0.013798241633609543,388264898ccf423b199e1a07c232c8026453d04cebba2d64a796cda00d4d8a0a,3086bd05ed329f0d3bd36c6310cf0386c7bb362451e8a7b9ca68d47a669e6bb4
coco,yolo11x,fp8,fog,5,coco-area,small,0.3580619344566013,0.3601761500835399,-0.0021142156269386425,67a28953e3b48ebf1e86bbd077ce53a35ed24137d02d4275b29195c13381f6cb,2c27dc4a30f01835bcff0bdd6b83396e05fde6ed53b41cd2efd3b56e2f141729
coco,yolo11x,fp8,fog,5,coco-area,large,0.6892302903767772,0.6805098683776565,0.008720421999120709,67a28953e3b48ebf1e86bbd077ce53a35ed24137d02d4275b29195c13381f6cb,2c27dc4a30f01835bcff0bdd6b83396e05fde6ed53b41cd2efd3b56e2f141729
coco,yolo11x,int8-entropy,gaussian_noise,1,coco-area,small,0.351353247525937,0.3238143138755794,0.02753893365035759,388264898ccf423b199e1a07c232c8026453d04cebba2d64a796cda00d4d8a0a,c314b4deb180b0bc54fa44db88e009e5d49d9e456315d87b439a8c92571f58a2
coco,yolo11x,int8-entropy,gaussian_noise,1,coco-area,large,0.677015297973617,0.6604279637055317,0.01658733426808534,388264898ccf423b199e1a07c232c8026453d04cebba2d64a796cda00d4d8a0a,c314b4deb180b0bc54fa44db88e009e5d49d9e456315d87b439a8c92571f58a2
coco,yolo11x,fp8,gaussian_noise,1,coco-area,small,0.3580619344566013,0.34140397954903184,0.01665795490756944,67a28953e3b48ebf1e86bbd077ce53a35ed24137d02d4275b29195c13381f6cb,b22d203652c2c9b05ed6c2b09f8e869fe798c5ba50692e63ab8c68e645764bf3
coco,yolo11x,fp8,gaussian_noise,1,coco-area,large,0.6892302903767772,0.6755474299158266,0.013682860460950574,67a28953e3b48ebf1e86bbd077ce53a35ed24137d02d4275b29195c13381f6cb,b22d203652c2c9b05ed6c2b09f8e869fe798c5ba50692e63ab8c68e645764bf3
coco,yolo11x,int8-entropy,gaussian_noise,3,coco-area,small,0.351353247525937,0.2668945263875606,0.08445872113837638,388264898ccf423b199e1a07c232c8026453d04cebba2d64a796cda00d4d8a0a,13fc522c5685d3e4b8456aefc140daef0880620b11171bf7e5eb478a56966dd8
coco,yolo11x,int8-entropy,gaussian_noise,3,coco-area,large,0.677015297973617,0.6171962605638707,0.05981903740974637,388264898ccf423b199e1a07c232c8026453d04cebba2d64a796cda00d4d8a0a,13fc522c5685d3e4b8456aefc140daef0880620b11171bf7e5eb478a56966dd8
coco,yolo11x,fp8,gaussian_noise,3,coco-area,small,0.3580619344566013,0.28293592619966246,0.07512600825693883,67a28953e3b48ebf1e86bbd077ce53a35ed24137d02d4275b29195c13381f6cb,ca160d7453dd42804e9370b5501fb1f308521172a77a95f5fdfa8d7c65b74664
coco,yolo11x,fp8,gaussian_noise,3,coco-area,large,0.6892302903767772,0.637005402673549,0.052224887703228196,67a28953e3b48ebf1e86bbd077ce53a35ed24137d02d4275b29195c13381f6cb,ca160d7453dd42804e9370b5501fb1f308521172a77a95f5fdfa8d7c65b74664
coco,yolo11x,int8-entropy,gaussian_noise,5,coco-area,small,0.351353247525937,0.17773485002952966,0.17361839749640734,388264898ccf423b199e1a07c232c8026453d04cebba2d64a796cda00d4d8a0a,0c5401179945af62b5a8fc6985861fa61586766d5b15780476aea2db3d6a30a4
coco,yolo11x,int8-entropy,gaussian_noise,5,coco-area,large,0.677015297973617,0.5057707645269157,0.17124453344670132,388264898ccf423b199e1a07c232c8026453d04cebba2d64a796cda00d4d8a0a,0c5401179945af62b5a8fc6985861fa61586766d5b15780476aea2db3d6a30a4
coco,yolo11x,fp8,gaussian_noise,5,coco-area,small,0.3580619344566013,0.1828241614724423,0.175237772984159,67a28953e3b48ebf1e86bbd077ce53a35ed24137d02d4275b29195c13381f6cb,2009c8c71acaefe9e4a514401932dab92e7008fb8b0f04b0c23edbb31a876c3f
coco,yolo11x,fp8,gaussian_noise,5,coco-area,large,0.6892302903767772,0.5033599442118136,0.18587034616496356,67a28953e3b48ebf1e86bbd077ce53a35ed24137d02d4275b29195c13381f6cb,2009c8c71acaefe9e4a514401932dab92e7008fb8b0f04b0c23edbb31a876c3f
coco,yolo11x,int8-entropy,jpeg,1,coco-area,small,0.351353247525937,0.3281269812896777,0.023226266236259285,388264898ccf423b199e1a07c232c8026453d04cebba2d64a796cda00d4d8a0a,fa51f7672a483bc89a1c7ea0c66b779227812880e15f45c04f064ecf2cff9838
coco,yolo11x,int8-entropy,jpeg,1,coco-area,large,0.677015297973617,0.6678720432462437,0.009143254727373318,388264898ccf423b199e1a07c232c8026453d04cebba2d64a796cda00d4d8a0a,fa51f7672a483bc89a1c7ea0c66b779227812880e15f45c04f064ecf2cff9838
coco,yolo11x,fp8,jpeg,1,coco-area,small,0.3580619344566013,0.339779538948827,0.018282395507774274,67a28953e3b48ebf1e86bbd077ce53a35ed24137d02d4275b29195c13381f6cb,b40f9632fd4f0a82f35b55e3d5735376a676fffc24af5b56305105729b19935a
coco,yolo11x,fp8,jpeg,1,coco-area,large,0.6892302903767772,0.6833939602616672,0.005836330115109978,67a28953e3b48ebf1e86bbd077ce53a35ed24137d02d4275b29195c13381f6cb,b40f9632fd4f0a82f35b55e3d5735376a676fffc24af5b56305105729b19935a
coco,yolo11x,int8-entropy,jpeg,3,coco-area,small,0.351353247525937,0.2702939783368577,0.0810592691890793,388264898ccf423b199e1a07c232c8026453d04cebba2d64a796cda00d4d8a0a,c197c7d06a73d141cdb51d90dbfa0ef03be3eab44e347a0a5ee6b87f4d6c604d
coco,yolo11x,int8-entropy,jpeg,3,coco-area,large,0.677015297973617,0.6393979688044016,0.03761732916921545,388264898ccf423b199e1a07c232c8026453d04cebba2d64a796cda00d4d8a0a,c197c7d06a73d141cdb51d90dbfa0ef03be3eab44e347a0a5ee6b87f4d6c604d
coco,yolo11x,fp8,jpeg,3,coco-area,small,0.3580619344566013,0.2680835966254837,0.08997833783111758,67a28953e3b48ebf1e86bbd077ce53a35ed24137d02d4275b29195c13381f6cb,2f420fe18f8258aa7280320274026af6e9bc0383c0afc804e3f767032cae000d
coco,yolo11x,fp8,jpeg,3,coco-area,large,0.6892302903767772,0.6400403253826129,0.04918996499416428,67a28953e3b48ebf1e86bbd077ce53a35ed24137d02d4275b29195c13381f6cb,2f420fe18f8258aa7280320274026af6e9bc0383c0afc804e3f767032cae000d
coco,yolo11x,int8-entropy,jpeg,5,coco-area,small,0.351353247525937,0.11006580797477197,0.24128743955116502,388264898ccf423b199e1a07c232c8026453d04cebba2d64a796cda00d4d8a0a,df97739d73b9ebb5e5c428e0dd6bb7a74a60ed40f1c07703e76bc46fece3bf41
coco,yolo11x,int8-entropy,jpeg,5,coco-area,large,0.677015297973617,0.33938426881791545,0.3376310291557016,388264898ccf423b199e1a07c232c8026453d04cebba2d64a796cda00d4d8a0a,df97739d73b9ebb5e5c428e0dd6bb7a74a60ed40f1c07703e76bc46fece3bf41
coco,yolo11x,fp8,jpeg,5,coco-area,small,0.3580619344566013,0.10091461464229819,0.2571473198143031,67a28953e3b48ebf1e86bbd077ce53a35ed24137d02d4275b29195c13381f6cb,1ef528b9db0bcf4a4eecef0fcebb1eb228bda3b667cc0d38e6c393a70c453018
coco,yolo11x,fp8,jpeg,5,coco-area,large,0.6892302903767772,0.28796401357375534,0.40126627680302185,67a28953e3b48ebf1e86bbd077ce53a35ed24137d02d4275b29195c13381f6cb,1ef528b9db0bcf4a4eecef0fcebb1eb228bda3b667cc0d38e6c393a70c453018
coco,yolo11x,int8-entropy,motion_blur,1,coco-area,small,0.351353247525937,0.24376818131763103,0.10758506620830596,388264898ccf423b199e1a07c232c8026453d04cebba2d64a796cda00d4d8a0a,d81965f6c8668a3e9ef68675cc311db91ac687e79ceca0b0efaea0b563b9fafd
coco,yolo11x,int8-entropy,motion_blur,1,coco-area,large,0.677015297973617,0.6492192986954831,0.02779599927813392,388264898ccf423b199e1a07c232c8026453d04cebba2d64a796cda00d4d8a0a,d81965f6c8668a3e9ef68675cc311db91ac687e79ceca0b0efaea0b563b9fafd
coco,yolo11x,fp8,motion_blur,1,coco-area,small,0.3580619344566013,0.2588359574283484,0.09922597702825287,67a28953e3b48ebf1e86bbd077ce53a35ed24137d02d4275b29195c13381f6cb,0e18e8d76c610d3ac7ef6b37d582073acb5763bede9a1fef1b2f07c62e0384d6
coco,yolo11x,fp8,motion_blur,1,coco-area,large,0.6892302903767772,0.667464916798623,0.021765373578154223,67a28953e3b48ebf1e86bbd077ce53a35ed24137d02d4275b29195c13381f6cb,0e18e8d76c610d3ac7ef6b37d582073acb5763bede9a1fef1b2f07c62e0384d6
coco,yolo11x,int8-entropy,motion_blur,3,coco-area,small,0.351353247525937,0.06179730779199193,0.28955593973394506,388264898ccf423b199e1a07c232c8026453d04cebba2d64a796cda00d4d8a0a,9c2e5a7fbd478946897c79040ee7aa9dd69e6ba790470fe686e67a4a96e38131
coco,yolo11x,int8-entropy,motion_blur,3,coco-area,large,0.677015297973617,0.5048614790974959,0.17215381887612113,388264898ccf423b199e1a07c232c8026453d04cebba2d64a796cda00d4d8a0a,9c2e5a7fbd478946897c79040ee7aa9dd69e6ba790470fe686e67a4a96e38131
coco,yolo11x,fp8,motion_blur,3,coco-area,small,0.3580619344566013,0.06864086690355194,0.28942106755304936,67a28953e3b48ebf1e86bbd077ce53a35ed24137d02d4275b29195c13381f6cb,e730e073c18785bdda65ef1b814ffdaabc1e9d90577a5dc0ec3a612be739768a
coco,yolo11x,fp8,motion_blur,3,coco-area,large,0.6892302903767772,0.5301395355512348,0.15909075482554236,67a28953e3b48ebf1e86bbd077ce53a35ed24137d02d4275b29195c13381f6cb,e730e073c18785bdda65ef1b814ffdaabc1e9d90577a5dc0ec3a612be739768a
coco,yolo11x,int8-entropy,motion_blur,5,coco-area,small,0.351353247525937,0.012539577442438114,0.3388136700834989,388264898ccf423b199e1a07c232c8026453d04cebba2d64a796cda00d4d8a0a,84657245632fd37cec93464945f9c59a75eafcb88b607cbf21f4daa427827c33
coco,yolo11x,int8-entropy,motion_blur,5,coco-area,large,0.677015297973617,0.2864808779897187,0.3905344199838983,388264898ccf423b199e1a07c232c8026453d04cebba2d64a796cda00d4d8a0a,84657245632fd37cec93464945f9c59a75eafcb88b607cbf21f4daa427827c33
coco,yolo11x,fp8,motion_blur,5,coco-area,small,0.3580619344566013,0.013666607512011833,0.34439532694458946,67a28953e3b48ebf1e86bbd077ce53a35ed24137d02d4275b29195c13381f6cb,79350a4120ba75a902489794bcac3931217ced027055fbadd3daed78e231d13d
coco,yolo11x,fp8,motion_blur,5,coco-area,large,0.6892302903767772,0.315856537536821,0.37337375283995616,67a28953e3b48ebf1e86bbd077ce53a35ed24137d02d4275b29195c13381f6cb,79350a4120ba75a902489794bcac3931217ced027055fbadd3daed78e231d13d
kitti,yolo11m,int8-entropy,fog,1,coco-area,small,0.5411185840226486,0.5106863339433081,0.030432250079340473,d7a986f97f2d453c029217e5d019a2b3a840020a6f97af82a6c8c8edda124120,aa1c3c0b300ed5e038aac8697ca020d6b474431c1788d432be5503d5d8547ba4
kitti,yolo11m,int8-entropy,fog,1,coco-area,large,0.754117424713974,0.7104168025800661,0.04370062213390791,d7a986f97f2d453c029217e5d019a2b3a840020a6f97af82a6c8c8edda124120,aa1c3c0b300ed5e038aac8697ca020d6b474431c1788d432be5503d5d8547ba4
kitti,yolo11m,fp8,fog,1,coco-area,small,0.5844100911212959,0.5578503096461076,0.026559781475188338,978b16d811f2842922bd7d54363ca6355792ee38ad98533035fec0d48f69e1a2,e0806df5617fc1f112bdbadd1a2e0a5d5183f56c068892a81142fcf64a85d5cf
kitti,yolo11m,fp8,fog,1,coco-area,large,0.7776851921975565,0.7277553832066748,0.04992980899088173,978b16d811f2842922bd7d54363ca6355792ee38ad98533035fec0d48f69e1a2,e0806df5617fc1f112bdbadd1a2e0a5d5183f56c068892a81142fcf64a85d5cf
kitti,yolo11m,int8-entropy,fog,3,coco-area,small,0.5411185840226486,0.4483098931202635,0.09280869090238508,d7a986f97f2d453c029217e5d019a2b3a840020a6f97af82a6c8c8edda124120,ee4e346d0d5d32bd66b8f9a6b994d324bba4afa30a0828514e0dcee60791bf60
kitti,yolo11m,int8-entropy,fog,3,coco-area,large,0.754117424713974,0.6401755368321224,0.11394188788185167,d7a986f97f2d453c029217e5d019a2b3a840020a6f97af82a6c8c8edda124120,ee4e346d0d5d32bd66b8f9a6b994d324bba4afa30a0828514e0dcee60791bf60
kitti,yolo11m,fp8,fog,3,coco-area,small,0.5844100911212959,0.5062469322174284,0.07816315890386749,978b16d811f2842922bd7d54363ca6355792ee38ad98533035fec0d48f69e1a2,b4bb7d98fe9e8a6d38cf7ce5eaa84e0b89fd00629e4777045880c82921cac5d0
kitti,yolo11m,fp8,fog,3,coco-area,large,0.7776851921975565,0.6624705327121146,0.11521465948544185,978b16d811f2842922bd7d54363ca6355792ee38ad98533035fec0d48f69e1a2,b4bb7d98fe9e8a6d38cf7ce5eaa84e0b89fd00629e4777045880c82921cac5d0
kitti,yolo11m,int8-entropy,fog,5,coco-area,small,0.5411185840226486,0.3972323223379225,0.14388626168472607,d7a986f97f2d453c029217e5d019a2b3a840020a6f97af82a6c8c8edda124120,3fa4d74c3e6a25d807da2420eeccbbac4d1958a07184f30e75e5cf8df79dd40c
kitti,yolo11m,int8-entropy,fog,5,coco-area,large,0.754117424713974,0.5310493072625683,0.22306811745140576,d7a986f97f2d453c029217e5d019a2b3a840020a6f97af82a6c8c8edda124120,3fa4d74c3e6a25d807da2420eeccbbac4d1958a07184f30e75e5cf8df79dd40c
kitti,yolo11m,fp8,fog,5,coco-area,small,0.5844100911212959,0.45093859842501105,0.1334714926962849,978b16d811f2842922bd7d54363ca6355792ee38ad98533035fec0d48f69e1a2,25e6095bf4cd2ac43b733ad9fa6ee43a710619a61c002752b7d6a0064904405b
kitti,yolo11m,fp8,fog,5,coco-area,large,0.7776851921975565,0.5689884201261468,0.2086967720714097,978b16d811f2842922bd7d54363ca6355792ee38ad98533035fec0d48f69e1a2,25e6095bf4cd2ac43b733ad9fa6ee43a710619a61c002752b7d6a0064904405b
kitti,yolo11m,int8-entropy,gaussian_noise,1,coco-area,small,0.5411185840226486,0.4947048680733619,0.04641371594928667,d7a986f97f2d453c029217e5d019a2b3a840020a6f97af82a6c8c8edda124120,d5dcb7483ccb95d5926277eeea529b4ea2304251241ea951bb8968b1f9285f66
kitti,yolo11m,int8-entropy,gaussian_noise,1,coco-area,large,0.754117424713974,0.6038022293052188,0.15031519540875526,d7a986f97f2d453c029217e5d019a2b3a840020a6f97af82a6c8c8edda124120,d5dcb7483ccb95d5926277eeea529b4ea2304251241ea951bb8968b1f9285f66
kitti,yolo11m,fp8,gaussian_noise,1,coco-area,small,0.5844100911212959,0.5471155678669622,0.03729452325433369,978b16d811f2842922bd7d54363ca6355792ee38ad98533035fec0d48f69e1a2,1f3b828628fa5c7b5582df04d26f1161096337f0e27d5bba082311fe701f5f8f
kitti,yolo11m,fp8,gaussian_noise,1,coco-area,large,0.7776851921975565,0.6725052772629457,0.10517991493461076,978b16d811f2842922bd7d54363ca6355792ee38ad98533035fec0d48f69e1a2,1f3b828628fa5c7b5582df04d26f1161096337f0e27d5bba082311fe701f5f8f
kitti,yolo11m,int8-entropy,gaussian_noise,3,coco-area,small,0.5411185840226486,0.25942409428425245,0.2816944897383961,d7a986f97f2d453c029217e5d019a2b3a840020a6f97af82a6c8c8edda124120,bca7ad337d1fcedd3fe431c3b2e41f908387b0f0490f885f566b5313e9a9b290
kitti,yolo11m,int8-entropy,gaussian_noise,3,coco-area,large,0.754117424713974,0.19443993944926455,0.5596774852647095,d7a986f97f2d453c029217e5d019a2b3a840020a6f97af82a6c8c8edda124120,bca7ad337d1fcedd3fe431c3b2e41f908387b0f0490f885f566b5313e9a9b290
kitti,yolo11m,fp8,gaussian_noise,3,coco-area,small,0.5844100911212959,0.2895487182450142,0.2948613728762817,978b16d811f2842922bd7d54363ca6355792ee38ad98533035fec0d48f69e1a2,503d6172931fb1cbc35122dac78331d3e0df7958ed09f91deb29ae28f721f423
kitti,yolo11m,fp8,gaussian_noise,3,coco-area,large,0.7776851921975565,0.22120710812870598,0.5564780840688506,978b16d811f2842922bd7d54363ca6355792ee38ad98533035fec0d48f69e1a2,503d6172931fb1cbc35122dac78331d3e0df7958ed09f91deb29ae28f721f423
kitti,yolo11m,int8-entropy,gaussian_noise,5,coco-area,small,0.5411185840226486,0.01771939265994685,0.5233991913627017,d7a986f97f2d453c029217e5d019a2b3a840020a6f97af82a6c8c8edda124120,00f06428a9b2e4b1a95615ac5af4f6380dc8b7937721308277f9ed1c979a2740
kitti,yolo11m,int8-entropy,gaussian_noise,5,coco-area,large,0.754117424713974,0.02635011135690131,0.7277673133570727,d7a986f97f2d453c029217e5d019a2b3a840020a6f97af82a6c8c8edda124120,00f06428a9b2e4b1a95615ac5af4f6380dc8b7937721308277f9ed1c979a2740
kitti,yolo11m,fp8,gaussian_noise,5,coco-area,small,0.5844100911212959,0.01763837473744039,0.5667717163838556,978b16d811f2842922bd7d54363ca6355792ee38ad98533035fec0d48f69e1a2,3327afe5c96dccf24a68853399effef41b49e16f6a614d7510d0dbb1cc63a4f9
kitti,yolo11m,fp8,gaussian_noise,5,coco-area,large,0.7776851921975565,0.03345328708760668,0.7442319051099499,978b16d811f2842922bd7d54363ca6355792ee38ad98533035fec0d48f69e1a2,3327afe5c96dccf24a68853399effef41b49e16f6a614d7510d0dbb1cc63a4f9
kitti,yolo11m,int8-entropy,jpeg,1,coco-area,small,0.5411185840226486,0.5343819073130879,0.006736676709560685,d7a986f97f2d453c029217e5d019a2b3a840020a6f97af82a6c8c8edda124120,864d3df3b3acf237c4799aa0e8bbf20829cb0dd20111ef007a545a5a452ceff3
kitti,yolo11m,int8-entropy,jpeg,1,coco-area,large,0.754117424713974,0.7513283863945738,0.00278903831940025,d7a986f97f2d453c029217e5d019a2b3a840020a6f97af82a6c8c8edda124120,864d3df3b3acf237c4799aa0e8bbf20829cb0dd20111ef007a545a5a452ceff3
kitti,yolo11m,fp8,jpeg,1,coco-area,small,0.5844100911212959,0.576618738648691,0.007791352472604984,978b16d811f2842922bd7d54363ca6355792ee38ad98533035fec0d48f69e1a2,f9a4e6079365023f29441eb48fbf517a9b4a665ffd91732eac9174e563f34f24
kitti,yolo11m,fp8,jpeg,1,coco-area,large,0.7776851921975565,0.7706583065755577,0.007026885621998824,978b16d811f2842922bd7d54363ca6355792ee38ad98533035fec0d48f69e1a2,f9a4e6079365023f29441eb48fbf517a9b4a665ffd91732eac9174e563f34f24
kitti,yolo11m,int8-entropy,jpeg,3,coco-area,small,0.5411185840226486,0.5293510110410866,0.011767572981561947,d7a986f97f2d453c029217e5d019a2b3a840020a6f97af82a6c8c8edda124120,e30a230d229f092ef7110ed0a2104ec04b9f656527f26a26c41e15099b157125
kitti,yolo11m,int8-entropy,jpeg,3,coco-area,large,0.754117424713974,0.7367221521872681,0.01739527252670592,d7a986f97f2d453c029217e5d019a2b3a840020a6f97af82a6c8c8edda124120,e30a230d229f092ef7110ed0a2104ec04b9f656527f26a26c41e15099b157125
kitti,yolo11m,fp8,jpeg,3,coco-area,small,0.5844100911212959,0.5727863447603081,0.011623746360987841,978b16d811f2842922bd7d54363ca6355792ee38ad98533035fec0d48f69e1a2,811b9b673d5c00b52c9051a87ea3eb610460e9e7820adc766eb3d615bf90c3fd
kitti,yolo11m,fp8,jpeg,3,coco-area,large,0.7776851921975565,0.7713684516890771,0.006316740508479413,978b16d811f2842922bd7d54363ca6355792ee38ad98533035fec0d48f69e1a2,811b9b673d5c00b52c9051a87ea3eb610460e9e7820adc766eb3d615bf90c3fd
kitti,yolo11m,int8-entropy,jpeg,5,coco-area,small,0.5411185840226486,0.5133269665781188,0.027791617444529737,d7a986f97f2d453c029217e5d019a2b3a840020a6f97af82a6c8c8edda124120,b7a0d4ad854d6910733ff7bb79a1ec49bb58142ca050622bf79bd1d7c8b968bc
kitti,yolo11m,int8-entropy,jpeg,5,coco-area,large,0.754117424713974,0.7248463974926354,0.029271027221338675,d7a986f97f2d453c029217e5d019a2b3a840020a6f97af82a6c8c8edda124120,b7a0d4ad854d6910733ff7bb79a1ec49bb58142ca050622bf79bd1d7c8b968bc
kitti,yolo11m,fp8,jpeg,5,coco-area,small,0.5844100911212959,0.5640920483783043,0.02031804274299165,978b16d811f2842922bd7d54363ca6355792ee38ad98533035fec0d48f69e1a2,6faacb58f25a5e5626e89c90229ab792f2f00268a74669c17cd67b06d78d4a6f
kitti,yolo11m,fp8,jpeg,5,coco-area,large,0.7776851921975565,0.7499741450860676,0.027711047111488862,978b16d811f2842922bd7d54363ca6355792ee38ad98533035fec0d48f69e1a2,6faacb58f25a5e5626e89c90229ab792f2f00268a74669c17cd67b06d78d4a6f
kitti,yolo11m,int8-entropy,motion_blur,1,coco-area,small,0.5411185840226486,0.5168147908010965,0.024303793221552072,d7a986f97f2d453c029217e5d019a2b3a840020a6f97af82a6c8c8edda124120,3eb86b04717e930d1e49678c9982a8637db4d0c4656d5d9783f32b327d0922f1
kitti,yolo11m,int8-entropy,motion_blur,1,coco-area,large,0.754117424713974,0.7487762828863943,0.005341141827579721,d7a986f97f2d453c029217e5d019a2b3a840020a6f97af82a6c8c8edda124120,3eb86b04717e930d1e49678c9982a8637db4d0c4656d5d9783f32b327d0922f1
kitti,yolo11m,fp8,motion_blur,1,coco-area,small,0.5844100911212959,0.5532143165654636,0.031195774555832334,978b16d811f2842922bd7d54363ca6355792ee38ad98533035fec0d48f69e1a2,bf314fd9ecfc1b2737298909c3028ef04dfe0983db9786ea29699eaee3d693b4
kitti,yolo11m,fp8,motion_blur,1,coco-area,large,0.7776851921975565,0.76799700254634,0.009688189651216539,978b16d811f2842922bd7d54363ca6355792ee38ad98533035fec0d48f69e1a2,bf314fd9ecfc1b2737298909c3028ef04dfe0983db9786ea29699eaee3d693b4
kitti,yolo11m,int8-entropy,motion_blur,3,coco-area,small,0.5411185840226486,0.10301690254906627,0.4381016814735823,d7a986f97f2d453c029217e5d019a2b3a840020a6f97af82a6c8c8edda124120,67402cbfc2bdcd560ebfafa449859d4cc4e80b386b2b6a93db97aa8b553dbd08
kitti,yolo11m,int8-entropy,motion_blur,3,coco-area,large,0.754117424713974,0.5553713032028459,0.19874612151112814,d7a986f97f2d453c029217e5d019a2b3a840020a6f97af82a6c8c8edda124120,67402cbfc2bdcd560ebfafa449859d4cc4e80b386b2b6a93db97aa8b553dbd08
kitti,yolo11m,fp8,motion_blur,3,coco-area,small,0.5844100911212959,0.10117432354054638,0.48323576758074954,978b16d811f2842922bd7d54363ca6355792ee38ad98533035fec0d48f69e1a2,826a15ff0fa17214a80ea0155aed9dbf3b19a91a9b98077365847bc779b8210a
kitti,yolo11m,fp8,motion_blur,3,coco-area,large,0.7776851921975565,0.5599761455097584,0.2177090466877981,978b16d811f2842922bd7d54363ca6355792ee38ad98533035fec0d48f69e1a2,826a15ff0fa17214a80ea0155aed9dbf3b19a91a9b98077365847bc779b8210a
kitti,yolo11m,int8-entropy,motion_blur,5,coco-area,small,0.5411185840226486,0.004925697274448154,0.5361928867482004,d7a986f97f2d453c029217e5d019a2b3a840020a6f97af82a6c8c8edda124120,c70b76b0743feaa26504944ebdd4b9450154600d25a5e16cd184aacbe424256b
kitti,yolo11m,int8-entropy,motion_blur,5,coco-area,large,0.754117424713974,0.21862741589935195,0.535490008814622,d7a986f97f2d453c029217e5d019a2b3a840020a6f97af82a6c8c8edda124120,c70b76b0743feaa26504944ebdd4b9450154600d25a5e16cd184aacbe424256b
kitti,yolo11m,fp8,motion_blur,5,coco-area,small,0.5844100911212959,0.003844899644646739,0.5805651914766492,978b16d811f2842922bd7d54363ca6355792ee38ad98533035fec0d48f69e1a2,a139cb31a0cec91f23476db5a3b6d2df5e9c018901a2c59a3da06f5520c85887
kitti,yolo11m,fp8,motion_blur,5,coco-area,large,0.7776851921975565,0.21789467293187537,0.5597905192656811,978b16d811f2842922bd7d54363ca6355792ee38ad98533035fec0d48f69e1a2,a139cb31a0cec91f23476db5a3b6d2df5e9c018901a2c59a3da06f5520c85887
kitti,yolo11n,int8-entropy,fog,1,coco-area,small,0.4357672730667822,0.3938342532222176,0.0419330198445646,57e9dabffe274fdb743f42bd58d25ff5d4d542f59b65015ad13dd9d12514539e,34fde9b7d4a4a91c28398e8cc576d55775999b5ab7b9201137746de22bbf5cfc
kitti,yolo11n,int8-entropy,fog,1,coco-area,large,0.7128748409448529,0.6752244193409898,0.037650421603863116,57e9dabffe274fdb743f42bd58d25ff5d4d542f59b65015ad13dd9d12514539e,34fde9b7d4a4a91c28398e8cc576d55775999b5ab7b9201137746de22bbf5cfc
kitti,yolo11n,fp8,fog,1,coco-area,small,0.448486283681357,0.42107726407772345,0.027409019603633566,01f4adce4cb7e9d3bad65a806da496ce310d7443c0209712a32b3ada2030a596,c043f4f7d368946b5030d0fcc0cbea16257da2a885b8810fa8ccdd4c5042c893
kitti,yolo11n,fp8,fog,1,coco-area,large,0.7311849521785241,0.68520958896034,0.04597536321818407,01f4adce4cb7e9d3bad65a806da496ce310d7443c0209712a32b3ada2030a596,c043f4f7d368946b5030d0fcc0cbea16257da2a885b8810fa8ccdd4c5042c893
kitti,yolo11n,int8-entropy,fog,3,coco-area,small,0.4357672730667822,0.2916364820680441,0.1441307909987381,57e9dabffe274fdb743f42bd58d25ff5d4d542f59b65015ad13dd9d12514539e,4aab9066fdd7d940de8f7c266a416d4dcf010f80c51af4442e7aea3e1d8b6178
kitti,yolo11n,int8-entropy,fog,3,coco-area,large,0.7128748409448529,0.5658114484929763,0.1470633924518766,57e9dabffe274fdb743f42bd58d25ff5d4d542f59b65015ad13dd9d12514539e,4aab9066fdd7d940de8f7c266a416d4dcf010f80c51af4442e7aea3e1d8b6178
kitti,yolo11n,fp8,fog,3,coco-area,small,0.448486283681357,0.3350932747744265,0.11339300890693049,01f4adce4cb7e9d3bad65a806da496ce310d7443c0209712a32b3ada2030a596,c92ba1f3d3108455bd40625b15a5c078f5850334f536ba8c57cf43fa0ea542ba
kitti,yolo11n,fp8,fog,3,coco-area,large,0.7311849521785241,0.596039376285367,0.13514557589315712,01f4adce4cb7e9d3bad65a806da496ce310d7443c0209712a32b3ada2030a596,c92ba1f3d3108455bd40625b15a5c078f5850334f536ba8c57cf43fa0ea542ba
kitti,yolo11n,int8-entropy,fog,5,coco-area,small,0.4357672730667822,0.18843882870442782,0.24732844436235438,57e9dabffe274fdb743f42bd58d25ff5d4d542f59b65015ad13dd9d12514539e,3857986a7a7932b5e32fbf69367d99215ef9e90fcbf0f892aa25761919c01527
kitti,yolo11n,int8-entropy,fog,5,coco-area,large,0.7128748409448529,0.39727777366918865,0.3155970672756642,57e9dabffe274fdb743f42bd58d25ff5d4d542f59b65015ad13dd9d12514539e,3857986a7a7932b5e32fbf69367d99215ef9e90fcbf0f892aa25761919c01527
kitti,yolo11n,fp8,fog,5,coco-area,small,0.448486283681357,0.22394280157969945,0.22454348210165756,01f4adce4cb7e9d3bad65a806da496ce310d7443c0209712a32b3ada2030a596,fc520023348b9d3ed5954288518721a974b92778e03162910c7afd28c0905cb7
kitti,yolo11n,fp8,fog,5,coco-area,large,0.7311849521785241,0.46125578239114223,0.26992916978738185,01f4adce4cb7e9d3bad65a806da496ce310d7443c0209712a32b3ada2030a596,fc520023348b9d3ed5954288518721a974b92778e03162910c7afd28c0905cb7
kitti,yolo11n,int8-entropy,gaussian_noise,1,coco-area,small,0.4357672730667822,0.4030206426461597,0.03274663042062248,57e9dabffe274fdb743f42bd58d25ff5d4d542f59b65015ad13dd9d12514539e,4a7eb52c717fc22e4dc5a75500278234e1d39d3794416da7910abcde69515d2a
kitti,yolo11n,int8-entropy,gaussian_noise,1,coco-area,large,0.7128748409448529,0.6547982479294786,0.05807659301537427,57e9dabffe274fdb743f42bd58d25ff5d4d542f59b65015ad13dd9d12514539e,4a7eb52c717fc22e4dc5a75500278234e1d39d3794416da7910abcde69515d2a
kitti,yolo11n,fp8,gaussian_noise,1,coco-area,small,0.448486283681357,0.4193852045342914,0.02910107914706561,01f4adce4cb7e9d3bad65a806da496ce310d7443c0209712a32b3ada2030a596,6760d532e0ea6e616a98dce5b9eaa4e48555fcbd7a01b07cbbbc5ea89f4b7104
kitti,yolo11n,fp8,gaussian_noise,1,coco-area,large,0.7311849521785241,0.6925971686273505,0.03858778355117354,01f4adce4cb7e9d3bad65a806da496ce310d7443c0209712a32b3ada2030a596,6760d532e0ea6e616a98dce5b9eaa4e48555fcbd7a01b07cbbbc5ea89f4b7104
kitti,yolo11n,int8-entropy,gaussian_noise,3,coco-area,small,0.4357672730667822,0.2422434725804772,0.193523800486305,57e9dabffe274fdb743f42bd58d25ff5d4d542f59b65015ad13dd9d12514539e,191d9e3472a99d296969a34d94df008681876dcbd52fd873b0ae39effc921ea8
kitti,yolo11n,int8-entropy,gaussian_noise,3,coco-area,large,0.7128748409448529,0.38652979020685796,0.3263450507379949,57e9dabffe274fdb743f42bd58d25ff5d4d542f59b65015ad13dd9d12514539e,191d9e3472a99d296969a34d94df008681876dcbd52fd873b0ae39effc921ea8
kitti,yolo11n,fp8,gaussian_noise,3,coco-area,small,0.448486283681357,0.25879983823506625,0.18968644544629076,01f4adce4cb7e9d3bad65a806da496ce310d7443c0209712a32b3ada2030a596,029d65e4be60de9c93db473306f7e158b7a5534cf9ae48eb65514c7343f00c86
kitti,yolo11n,fp8,gaussian_noise,3,coco-area,large,0.7311849521785241,0.42488941435895383,0.30629553781957025,01f4adce4cb7e9d3bad65a806da496ce310d7443c0209712a32b3ada2030a596,029d65e4be60de9c93db473306f7e158b7a5534cf9ae48eb65514c7343f00c86
kitti,yolo11n,int8-entropy,gaussian_noise,5,coco-area,small,0.4357672730667822,0.023038311005777037,0.4127289620610052,57e9dabffe274fdb743f42bd58d25ff5d4d542f59b65015ad13dd9d12514539e,7a6a128bd433715ba7a47b2f73febd1e13f42a41bc20afc8855bcf3db57a0b3b
kitti,yolo11n,int8-entropy,gaussian_noise,5,coco-area,large,0.7128748409448529,0.09674268646504887,0.616132154479804,57e9dabffe274fdb743f42bd58d25ff5d4d542f59b65015ad13dd9d12514539e,7a6a128bd433715ba7a47b2f73febd1e13f42a41bc20afc8855bcf3db57a0b3b
kitti,yolo11n,fp8,gaussian_noise,5,coco-area,small,0.448486283681357,0.028766425533133508,0.4197198581482235,01f4adce4cb7e9d3bad65a806da496ce310d7443c0209712a32b3ada2030a596,65eef2871642e374b8b8f9dcb6ed7879f1032fdfaf041294e3a8360ad1c306a4
kitti,yolo11n,fp8,gaussian_noise,5,coco-area,large,0.7311849521785241,0.10359144096847954,0.6275935112100446,01f4adce4cb7e9d3bad65a806da496ce310d7443c0209712a32b3ada2030a596,65eef2871642e374b8b8f9dcb6ed7879f1032fdfaf041294e3a8360ad1c306a4
kitti,yolo11n,int8-entropy,jpeg,1,coco-area,small,0.4357672730667822,0.42820088186543054,0.007566391201351663,57e9dabffe274fdb743f42bd58d25ff5d4d542f59b65015ad13dd9d12514539e,a5c9cd795474ba9a9d1d88b5b61bc1aad04ece13413f99d919b3f6643db0d65c
kitti,yolo11n,int8-entropy,jpeg,1,coco-area,large,0.7128748409448529,0.711164110071568,0.0017107308732848825,57e9dabffe274fdb743f42bd58d25ff5d4d542f59b65015ad13dd9d12514539e,a5c9cd795474ba9a9d1d88b5b61bc1aad04ece13413f99d919b3f6643db0d65c
kitti,yolo11n,fp8,jpeg,1,coco-area,small,0.448486283681357,0.44489764799046927,0.0035886356908877426,01f4adce4cb7e9d3bad65a806da496ce310d7443c0209712a32b3ada2030a596,ba9179e5f98fda8a7fc33443635a482c69926fc471258c0e0bb3783c4a692f1d
kitti,yolo11n,fp8,jpeg,1,coco-area,large,0.7311849521785241,0.7289355534055568,0.0022493987729672593,01f4adce4cb7e9d3bad65a806da496ce310d7443c0209712a32b3ada2030a596,ba9179e5f98fda8a7fc33443635a482c69926fc471258c0e0bb3783c4a692f1d
kitti,yolo11n,int8-entropy,jpeg,3,coco-area,small,0.4357672730667822,0.4276013161325679,0.008165956934214291,57e9dabffe274fdb743f42bd58d25ff5d4d542f59b65015ad13dd9d12514539e,fc3c8c8d70c465e406b19b03898f7210de564483fe4f3664521c25641726199d
kitti,yolo11n,int8-entropy,jpeg,3,coco-area,large,0.7128748409448529,0.7026344638578692,0.010240377086983665,57e9dabffe274fdb743f42bd58d25ff5d4d542f59b65015ad13dd9d12514539e,fc3c8c8d70c465e406b19b03898f7210de564483fe4f3664521c25641726199d
kitti,yolo11n,fp8,jpeg,3,coco-area,small,0.448486283681357,0.44044860804356745,0.008037675637789565,01f4adce4cb7e9d3bad65a806da496ce310d7443c0209712a32b3ada2030a596,c4615f6eeeabcfbd9b63fea12cb8a99358acdaa7737941ae9337e89000fbc2b6
kitti,yolo11n,fp8,jpeg,3,coco-area,large,0.7311849521785241,0.7221336195951548,0.00905133258336932,01f4adce4cb7e9d3bad65a806da496ce310d7443c0209712a32b3ada2030a596,c4615f6eeeabcfbd9b63fea12cb8a99358acdaa7737941ae9337e89000fbc2b6
kitti,yolo11n,int8-entropy,jpeg,5,coco-area,small,0.4357672730667822,0.3969320448371069,0.03883522822967528,57e9dabffe274fdb743f42bd58d25ff5d4d542f59b65015ad13dd9d12514539e,74417fbf4f6e50fce18e6ea5009e82f0b894fa11a806882e320eabc97859acbf
kitti,yolo11n,int8-entropy,jpeg,5,coco-area,large,0.7128748409448529,0.6905862399030478,0.02228860104180508,57e9dabffe274fdb743f42bd58d25ff5d4d542f59b65015ad13dd9d12514539e,74417fbf4f6e50fce18e6ea5009e82f0b894fa11a806882e320eabc97859acbf
kitti,yolo11n,fp8,jpeg,5,coco-area,small,0.448486283681357,0.40478234513566225,0.043703938545694765,01f4adce4cb7e9d3bad65a806da496ce310d7443c0209712a32b3ada2030a596,62a2c915b023a5494fa7f196cd7b123996b0bc8229ee4b935b823b3ce07c78f8
kitti,yolo11n,fp8,jpeg,5,coco-area,large,0.7311849521785241,0.7175342887657649,0.013650663412759223,01f4adce4cb7e9d3bad65a806da496ce310d7443c0209712a32b3ada2030a596,62a2c915b023a5494fa7f196cd7b123996b0bc8229ee4b935b823b3ce07c78f8
kitti,yolo11n,int8-entropy,motion_blur,1,coco-area,small,0.4357672730667822,0.41787909131648276,0.017888181750299437,57e9dabffe274fdb743f42bd58d25ff5d4d542f59b65015ad13dd9d12514539e,eacac916d345e0f8a0964a3fb1fd99f40d2d2a8d4224ebc7bfcbdac362b34655
kitti,yolo11n,int8-entropy,motion_blur,1,coco-area,large,0.7128748409448529,0.7003478748350512,0.01252696610980164,57e9dabffe274fdb743f42bd58d25ff5d4d542f59b65015ad13dd9d12514539e,eacac916d345e0f8a0964a3fb1fd99f40d2d2a8d4224ebc7bfcbdac362b34655
kitti,yolo11n,fp8,motion_blur,1,coco-area,small,0.448486283681357,0.43451565478789983,0.013970628893457182,01f4adce4cb7e9d3bad65a806da496ce310d7443c0209712a32b3ada2030a596,413413ddbe9cbd023bcd4004070bb16d721964d6154ea13db0c74bbfa7573dc0
kitti,yolo11n,fp8,motion_blur,1,coco-area,large,0.7311849521785241,0.7132391955081578,0.017945756670366242,01f4adce4cb7e9d3bad65a806da496ce310d7443c0209712a32b3ada2030a596,413413ddbe9cbd023bcd4004070bb16d721964d6154ea13db0c74bbfa7573dc0
kitti,yolo11n,int8-entropy,motion_blur,3,coco-area,small,0.4357672730667822,0.12095171609163674,0.31481555697514546,57e9dabffe274fdb743f42bd58d25ff5d4d542f59b65015ad13dd9d12514539e,bdc4c1b2190c29d51b78ad0fd1af76c79725a78f3f65276399deb7ae95615777
kitti,yolo11n,int8-entropy,motion_blur,3,coco-area,large,0.7128748409448529,0.45789572341085816,0.2549791175339947,57e9dabffe274fdb743f42bd58d25ff5d4d542f59b65015ad13dd9d12514539e,bdc4c1b2190c29d51b78ad0fd1af76c79725a78f3f65276399deb7ae95615777
kitti,yolo11n,fp8,motion_blur,3,coco-area,small,0.448486283681357,0.11364653038636943,0.3348397532949876,01f4adce4cb7e9d3bad65a806da496ce310d7443c0209712a32b3ada2030a596,fe03da3840453aadf53c50614cc3bc3928b070db1fc2b5d4128820b2dc14aff0
kitti,yolo11n,fp8,motion_blur,3,coco-area,large,0.7311849521785241,0.4608357473180673,0.27034920486045677,01f4adce4cb7e9d3bad65a806da496ce310d7443c0209712a32b3ada2030a596,fe03da3840453aadf53c50614cc3bc3928b070db1fc2b5d4128820b2dc14aff0
kitti,yolo11n,int8-entropy,motion_blur,5,coco-area,small,0.4357672730667822,0.0039441498475561625,0.43182312321922606,57e9dabffe274fdb743f42bd58d25ff5d4d542f59b65015ad13dd9d12514539e,0d2b3e39408c49345d4deb6cdf2cef4d70a7544a5c95ece9c1cfdc751d5673f8
kitti,yolo11n,int8-entropy,motion_blur,5,coco-area,large,0.7128748409448529,0.13234296696732847,0.5805318739775244,57e9dabffe274fdb743f42bd58d25ff5d4d542f59b65015ad13dd9d12514539e,0d2b3e39408c49345d4deb6cdf2cef4d70a7544a5c95ece9c1cfdc751d5673f8
kitti,yolo11n,fp8,motion_blur,5,coco-area,small,0.448486283681357,0.0036173285630451933,0.4448689551183118,01f4adce4cb7e9d3bad65a806da496ce310d7443c0209712a32b3ada2030a596,df474aa13cf799cf0eae9c1abc0b8b809ea01551ced53063eac3d32d7711d029
kitti,yolo11n,fp8,motion_blur,5,coco-area,large,0.7311849521785241,0.15407083670115024,0.5771141154773738,01f4adce4cb7e9d3bad65a806da496ce310d7443c0209712a32b3ada2030a596,df474aa13cf799cf0eae9c1abc0b8b809ea01551ced53063eac3d32d7711d029
kitti,yolo11x,int8-entropy,fog,1,coco-area,small,0.5501046448637397,0.5200415205674266,0.030063124296313082,7213f4b6b725f817815baf2ccff9b68d632b35dcfdb4addc99f314301d55e9c9,94f9072f995db071578dde0181d84971402ad9b53c936ff34cecb569175088a3
kitti,yolo11x,int8-entropy,fog,1,coco-area,large,0.7796276646346677,0.7348526855511992,0.0447749790834685,7213f4b6b725f817815baf2ccff9b68d632b35dcfdb4addc99f314301d55e9c9,94f9072f995db071578dde0181d84971402ad9b53c936ff34cecb569175088a3
kitti,yolo11x,fp8,fog,1,coco-area,small,0.5877745185427494,0.5595878510357334,0.02818666750701604,746bc19eeb62421adf2e600ea618681ea3abcb01a3785dff60a244eef970945a,763e064fa021d4f0795c373b9f01a54d9c6759f1d9061bd453a3370c7154bfa9
kitti,yolo11x,fp8,fog,1,coco-area,large,0.778640259593903,0.7298604532225129,0.04877980637139012,746bc19eeb62421adf2e600ea618681ea3abcb01a3785dff60a244eef970945a,763e064fa021d4f0795c373b9f01a54d9c6759f1d9061bd453a3370c7154bfa9
kitti,yolo11x,int8-entropy,fog,3,coco-area,small,0.5501046448637397,0.48288610466181153,0.06721854020192813,7213f4b6b725f817815baf2ccff9b68d632b35dcfdb4addc99f314301d55e9c9,05dcb7886244f78e697cbe0486b8a17ad082713b6d6468f803111df0b9f41599
kitti,yolo11x,int8-entropy,fog,3,coco-area,large,0.7796276646346677,0.6767500014787405,0.10287766315592717,7213f4b6b725f817815baf2ccff9b68d632b35dcfdb4addc99f314301d55e9c9,05dcb7886244f78e697cbe0486b8a17ad082713b6d6468f803111df0b9f41599
kitti,yolo11x,fp8,fog,3,coco-area,small,0.5877745185427494,0.5214521269193172,0.06632239162343223,746bc19eeb62421adf2e600ea618681ea3abcb01a3785dff60a244eef970945a,fd57c9c77c540e28118121e84be54bffbae48cad98942955355907d681e6143e
kitti,yolo11x,fp8,fog,3,coco-area,large,0.778640259593903,0.6717516694635126,0.10688859013039043,746bc19eeb62421adf2e600ea618681ea3abcb01a3785dff60a244eef970945a,fd57c9c77c540e28118121e84be54bffbae48cad98942955355907d681e6143e
kitti,yolo11x,int8-entropy,fog,5,coco-area,small,0.5501046448637397,0.4534488452458354,0.09665579961790427,7213f4b6b725f817815baf2ccff9b68d632b35dcfdb4addc99f314301d55e9c9,d25ec932eac5dc5ccea64f248ed91c72ecfa55183f06f3b1614fb67380649d15
kitti,yolo11x,int8-entropy,fog,5,coco-area,large,0.7796276646346677,0.6128795291874095,0.1667481354472582,7213f4b6b725f817815baf2ccff9b68d632b35dcfdb4addc99f314301d55e9c9,d25ec932eac5dc5ccea64f248ed91c72ecfa55183f06f3b1614fb67380649d15
kitti,yolo11x,fp8,fog,5,coco-area,small,0.5877745185427494,0.48146430768336596,0.10631021085938347,746bc19eeb62421adf2e600ea618681ea3abcb01a3785dff60a244eef970945a,bb0d274f61aaac8e9a481b4278c6a9052d384d43f482d4aae4016c66db1503e6
kitti,yolo11x,fp8,fog,5,coco-area,large,0.778640259593903,0.6071994938137557,0.17144076578014733,746bc19eeb62421adf2e600ea618681ea3abcb01a3785dff60a244eef970945a,bb0d274f61aaac8e9a481b4278c6a9052d384d43f482d4aae4016c66db1503e6
kitti,yolo11x,int8-entropy,gaussian_noise,1,coco-area,small,0.5501046448637397,0.5414507895198816,0.008653855343858097,7213f4b6b725f817815baf2ccff9b68d632b35dcfdb4addc99f314301d55e9c9,1392bda1fd652f08026969afcc21f2af9b096e31e3eb320dc4a6fba546aae20a
kitti,yolo11x,int8-entropy,gaussian_noise,1,coco-area,large,0.7796276646346677,0.6958519603918344,0.08377570424283332,7213f4b6b725f817815baf2ccff9b68d632b35dcfdb4addc99f314301d55e9c9,1392bda1fd652f08026969afcc21f2af9b096e31e3eb320dc4a6fba546aae20a
kitti,yolo11x,fp8,gaussian_noise,1,coco-area,small,0.5877745185427494,0.5568274125005808,0.03094710604216866,746bc19eeb62421adf2e600ea618681ea3abcb01a3785dff60a244eef970945a,1f210631ea0837cdeb9c3242b9a58569479459547caf1838ead3de608ef9484e
kitti,yolo11x,fp8,gaussian_noise,1,coco-area,large,0.778640259593903,0.6885348601186647,0.09010539947523832,746bc19eeb62421adf2e600ea618681ea3abcb01a3785dff60a244eef970945a,1f210631ea0837cdeb9c3242b9a58569479459547caf1838ead3de608ef9484e
kitti,yolo11x,int8-entropy,gaussian_noise,3,coco-area,small,0.5501046448637397,0.3784054264620254,0.17169921840171426,7213f4b6b725f817815baf2ccff9b68d632b35dcfdb4addc99f314301d55e9c9,5a179f888eba6101805ccae7b31e3cbb2e67c3db3076f2973049feaccecb318e
kitti,yolo11x,int8-entropy,gaussian_noise,3,coco-area,large,0.7796276646346677,0.3144958819034098,0.4651317827312579,7213f4b6b725f817815baf2ccff9b68d632b35dcfdb4addc99f314301d55e9c9,5a179f888eba6101805ccae7b31e3cbb2e67c3db3076f2973049feaccecb318e
kitti,yolo11x,fp8,gaussian_noise,3,coco-area,small,0.5877745185427494,0.3676449113549758,0.22012960718777363,746bc19eeb62421adf2e600ea618681ea3abcb01a3785dff60a244eef970945a,78ab6912292f7d09ff940d73f24f74fc037d1879158e349bed547a00d66f261d
kitti,yolo11x,fp8,gaussian_noise,3,coco-area,large,0.778640259593903,0.30299616957595216,0.4756440900179509,746bc19eeb62421adf2e600ea618681ea3abcb01a3785dff60a244eef970945a,78ab6912292f7d09ff940d73f24f74fc037d1879158e349bed547a00d66f261d
kitti,yolo11x,int8-entropy,gaussian_noise,5,coco-area,small,0.5501046448637397,0.027409305914079637,0.52269533894966,7213f4b6b725f817815baf2ccff9b68d632b35dcfdb4addc99f314301d55e9c9,b74b257089b65ea8bc1bcf613f4d9561c3ba9e14fcff111d3d960c0ee2b1445b
kitti,yolo11x,int8-entropy,gaussian_noise,5,coco-area,large,0.7796276646346677,0.04220982343141634,0.7374178412032514,7213f4b6b725f817815baf2ccff9b68d632b35dcfdb4addc99f314301d55e9c9,b74b257089b65ea8bc1bcf613f4d9561c3ba9e14fcff111d3d960c0ee2b1445b
kitti,yolo11x,fp8,gaussian_noise,5,coco-area,small,0.5877745185427494,0.02155926619668841,0.5662152523460611,746bc19eeb62421adf2e600ea618681ea3abcb01a3785dff60a244eef970945a,b183d70da5ff96ff7095f42371e1006953e0a3cef83648eb04cc63f22e51903e
kitti,yolo11x,fp8,gaussian_noise,5,coco-area,large,0.778640259593903,0.03365272659445769,0.7449875329994453,746bc19eeb62421adf2e600ea618681ea3abcb01a3785dff60a244eef970945a,b183d70da5ff96ff7095f42371e1006953e0a3cef83648eb04cc63f22e51903e
kitti,yolo11x,int8-entropy,jpeg,1,coco-area,small,0.5501046448637397,0.5558403458892686,-0.005735701025528894,7213f4b6b725f817815baf2ccff9b68d632b35dcfdb4addc99f314301d55e9c9,48f3f080c1d0902eec2c22d796f5611f031a1bad55266a861816a733f27dcd02
kitti,yolo11x,int8-entropy,jpeg,1,coco-area,large,0.7796276646346677,0.7766455345618194,0.0029821300728483102,7213f4b6b725f817815baf2ccff9b68d632b35dcfdb4addc99f314301d55e9c9,48f3f080c1d0902eec2c22d796f5611f031a1bad55266a861816a733f27dcd02
kitti,yolo11x,fp8,jpeg,1,coco-area,small,0.5877745185427494,0.5802844451918483,0.0074900733509011275,746bc19eeb62421adf2e600ea618681ea3abcb01a3785dff60a244eef970945a,f2c61fbdd4367874225e16b9a678634fc311630b7f90f40715d0df0294a647e2
kitti,yolo11x,fp8,jpeg,1,coco-area,large,0.778640259593903,0.7794615574835035,-0.000821297889600503,746bc19eeb62421adf2e600ea618681ea3abcb01a3785dff60a244eef970945a,f2c61fbdd4367874225e16b9a678634fc311630b7f90f40715d0df0294a647e2
kitti,yolo11x,int8-entropy,jpeg,3,coco-area,small,0.5501046448637397,0.5488258355193639,0.001278809344375742,7213f4b6b725f817815baf2ccff9b68d632b35dcfdb4addc99f314301d55e9c9,f42d5ea2058832c74aeb1e8f3e37a91c1b15281f96645a31bdd5b2366c9980c2
kitti,yolo11x,int8-entropy,jpeg,3,coco-area,large,0.7796276646346677,0.7780847140975572,0.0015429505371105101,7213f4b6b725f817815baf2ccff9b68d632b35dcfdb4addc99f314301d55e9c9,f42d5ea2058832c74aeb1e8f3e37a91c1b15281f96645a31bdd5b2366c9980c2
kitti,yolo11x,fp8,jpeg,3,coco-area,small,0.5877745185427494,0.5760760614192206,0.011698457123528794,746bc19eeb62421adf2e600ea618681ea3abcb01a3785dff60a244eef970945a,e8844a24291cfa80f68112c6701318f1dbd75e09794a638fc369311f60421980
kitti,yolo11x,fp8,jpeg,3,coco-area,large,0.778640259593903,0.7739831806749403,0.00465707891896272,746bc19eeb62421adf2e600ea618681ea3abcb01a3785dff60a244eef970945a,e8844a24291cfa80f68112c6701318f1dbd75e09794a638fc369311f60421980
kitti,yolo11x,int8-entropy,jpeg,5,coco-area,small,0.5501046448637397,0.5356933055225267,0.01441133934121297,7213f4b6b725f817815baf2ccff9b68d632b35dcfdb4addc99f314301d55e9c9,ed42f624de93fdf80ebf6c47b630e7cc89837aac9653fbb597b3dd76c83f38c0
kitti,yolo11x,int8-entropy,jpeg,5,coco-area,large,0.7796276646346677,0.7434720657960111,0.0361555988386566,7213f4b6b725f817815baf2ccff9b68d632b35dcfdb4addc99f314301d55e9c9,ed42f624de93fdf80ebf6c47b630e7cc89837aac9653fbb597b3dd76c83f38c0
kitti,yolo11x,fp8,jpeg,5,coco-area,small,0.5877745185427494,0.5510071458656132,0.036767372677136256,746bc19eeb62421adf2e600ea618681ea3abcb01a3785dff60a244eef970945a,e1f04d41d0da3642da36582a58ebb509166b8f80e57d2bc74e8cde2ebbdfec02
kitti,yolo11x,fp8,jpeg,5,coco-area,large,0.778640259593903,0.7365117195785783,0.042128540015324734,746bc19eeb62421adf2e600ea618681ea3abcb01a3785dff60a244eef970945a,e1f04d41d0da3642da36582a58ebb509166b8f80e57d2bc74e8cde2ebbdfec02
kitti,yolo11x,int8-entropy,motion_blur,1,coco-area,small,0.5501046448637397,0.5068597939431879,0.04324485092055175,7213f4b6b725f817815baf2ccff9b68d632b35dcfdb4addc99f314301d55e9c9,c09d6323c5e8387fc45f2d7cc06771c3369138b4d34a22c46c14880af964e046
kitti,yolo11x,int8-entropy,motion_blur,1,coco-area,large,0.7796276646346677,0.7635032191584336,0.01612444547623415,7213f4b6b725f817815baf2ccff9b68d632b35dcfdb4addc99f314301d55e9c9,c09d6323c5e8387fc45f2d7cc06771c3369138b4d34a22c46c14880af964e046
kitti,yolo11x,fp8,motion_blur,1,coco-area,small,0.5877745185427494,0.5494592137290134,0.03831530481373602,746bc19eeb62421adf2e600ea618681ea3abcb01a3785dff60a244eef970945a,c292dc160aec991341121dc1bb691a64c3c150bff8e8648ae7e20f9740c84d30
kitti,yolo11x,fp8,motion_blur,1,coco-area,large,0.778640259593903,0.7690865400728736,0.009553719521029458,746bc19eeb62421adf2e600ea618681ea3abcb01a3785dff60a244eef970945a,c292dc160aec991341121dc1bb691a64c3c150bff8e8648ae7e20f9740c84d30
kitti,yolo11x,int8-entropy,motion_blur,3,coco-area,small,0.5501046448637397,0.08609824908746601,0.4640063957762737,7213f4b6b725f817815baf2ccff9b68d632b35dcfdb4addc99f314301d55e9c9,29eb80ed406afb35f19c919b73434c00cce17e025d1098e74fa56cfb49cd23f2
kitti,yolo11x,int8-entropy,motion_blur,3,coco-area,large,0.7796276646346677,0.550714526933964,0.22891313770070365,7213f4b6b725f817815baf2ccff9b68d632b35dcfdb4addc99f314301d55e9c9,29eb80ed406afb35f19c919b73434c00cce17e025d1098e74fa56cfb49cd23f2
kitti,yolo11x,fp8,motion_blur,3,coco-area,small,0.5877745185427494,0.10854410285364142,0.479230415689108,746bc19eeb62421adf2e600ea618681ea3abcb01a3785dff60a244eef970945a,21c106a46f10edf699de1157f7da576ecce742bd0d4ca63f16dea5cd7b933a17
kitti,yolo11x,fp8,motion_blur,3,coco-area,large,0.778640259593903,0.5663727299193324,0.21226752967457063,746bc19eeb62421adf2e600ea618681ea3abcb01a3785dff60a244eef970945a,21c106a46f10edf699de1157f7da576ecce742bd0d4ca63f16dea5cd7b933a17
kitti,yolo11x,int8-entropy,motion_blur,5,coco-area,small,0.5501046448637397,0.0016954251500582332,0.5484092197136814,7213f4b6b725f817815baf2ccff9b68d632b35dcfdb4addc99f314301d55e9c9,01c9db3ae503a627b4b74f705db7b1e67a078195ee8400b51a5d08197aaa6713
kitti,yolo11x,int8-entropy,motion_blur,5,coco-area,large,0.7796276646346677,0.1798436448557766,0.5997840197788911,7213f4b6b725f817815baf2ccff9b68d632b35dcfdb4addc99f314301d55e9c9,01c9db3ae503a627b4b74f705db7b1e67a078195ee8400b51a5d08197aaa6713
kitti,yolo11x,fp8,motion_blur,5,coco-area,small,0.5877745185427494,0.002305441628977921,0.5854690769137715,746bc19eeb62421adf2e600ea618681ea3abcb01a3785dff60a244eef970945a,1b48b8754e4d25e2d5dd431b243f3736de084aac3646e2bdd2239ab743305bc1
kitti,yolo11x,fp8,motion_blur,5,coco-area,large,0.778640259593903,0.18651877568577446,0.5921214839081286,746bc19eeb62421adf2e600ea618681ea3abcb01a3785dff60a244eef970945a,1b48b8754e4d25e2d5dd431b243f3736de084aac3646e2bdd2239ab743305bc1
tt100k,yolo11m,int8-entropy,fog,1,original-height,XS,0.1949984424756104,0.1836602067397375,0.011338235735872892,6cfafaf35914f5ae6df80cb3dbd7b7f5cf306f8beb25b16a2780c04a47ba3860,6bdf112fa976692d4556f2512b2c170a8a0d8c9b540492351250931c1e6ab2a4
tt100k,yolo11m,int8-entropy,fog,1,original-height,S,0.4777706240347326,0.4730185899743516,0.004752034060380994,6cfafaf35914f5ae6df80cb3dbd7b7f5cf306f8beb25b16a2780c04a47ba3860,6bdf112fa976692d4556f2512b2c170a8a0d8c9b540492351250931c1e6ab2a4
tt100k,yolo11m,int8-entropy,fog,1,original-height,L,0.6468130466697681,0.6398925248857273,0.0069205217840407895,6cfafaf35914f5ae6df80cb3dbd7b7f5cf306f8beb25b16a2780c04a47ba3860,6bdf112fa976692d4556f2512b2c170a8a0d8c9b540492351250931c1e6ab2a4
tt100k,yolo11m,int8-entropy,fog,1,original-height,XL,0.7240219166059859,0.722195341891434,0.0018265747145519429,6cfafaf35914f5ae6df80cb3dbd7b7f5cf306f8beb25b16a2780c04a47ba3860,6bdf112fa976692d4556f2512b2c170a8a0d8c9b540492351250931c1e6ab2a4
tt100k,yolo11m,fp8,fog,1,original-height,XS,0.2531323132313231,0.17999817426797624,0.07313413896334689,5bf32ba8f18be074afd1a56d4983bdd10d242721ef221df1a321654153bc0016,4b51a80e22736d85e21a59ebc749ae8794fa6b58ffb694df8d2424f25feb6510
tt100k,yolo11m,fp8,fog,1,original-height,S,0.5161529215906355,0.5102629147054826,0.005890006885152954,5bf32ba8f18be074afd1a56d4983bdd10d242721ef221df1a321654153bc0016,4b51a80e22736d85e21a59ebc749ae8794fa6b58ffb694df8d2424f25feb6510
tt100k,yolo11m,fp8,fog,1,original-height,L,0.6618426116978204,0.6698121077967328,-0.007969496098912399,5bf32ba8f18be074afd1a56d4983bdd10d242721ef221df1a321654153bc0016,4b51a80e22736d85e21a59ebc749ae8794fa6b58ffb694df8d2424f25feb6510
tt100k,yolo11m,fp8,fog,1,original-height,XL,0.7439882939395132,0.7201546497959544,0.023833644143558708,5bf32ba8f18be074afd1a56d4983bdd10d242721ef221df1a321654153bc0016,4b51a80e22736d85e21a59ebc749ae8794fa6b58ffb694df8d2424f25feb6510
tt100k,yolo11m,int8-entropy,fog,3,original-height,XS,0.1949984424756104,0.2138265622578741,-0.018828119782263703,6cfafaf35914f5ae6df80cb3dbd7b7f5cf306f8beb25b16a2780c04a47ba3860,43e0bea1c92bd3058822e9c160d19742b7d5def399497f702e6ab9e16002dfe4
tt100k,yolo11m,int8-entropy,fog,3,original-height,S,0.4777706240347326,0.4610368467133937,0.016733777321338905,6cfafaf35914f5ae6df80cb3dbd7b7f5cf306f8beb25b16a2780c04a47ba3860,43e0bea1c92bd3058822e9c160d19742b7d5def399497f702e6ab9e16002dfe4
tt100k,yolo11m,int8-entropy,fog,3,original-height,L,0.6468130466697681,0.646316157289403,0.0004968893803651842,6cfafaf35914f5ae6df80cb3dbd7b7f5cf306f8beb25b16a2780c04a47ba3860,43e0bea1c92bd3058822e9c160d19742b7d5def399497f702e6ab9e16002dfe4
tt100k,yolo11m,int8-entropy,fog,3,original-height,XL,0.7240219166059859,0.7194368060257551,0.004585110580230811,6cfafaf35914f5ae6df80cb3dbd7b7f5cf306f8beb25b16a2780c04a47ba3860,43e0bea1c92bd3058822e9c160d19742b7d5def399497f702e6ab9e16002dfe4
tt100k,yolo11m,fp8,fog,3,original-height,XS,0.2531323132313231,0.20782842569971277,0.045303887531610354,5bf32ba8f18be074afd1a56d4983bdd10d242721ef221df1a321654153bc0016,85aeebff8338ea2fc8e5e382c1d8e3a2117a7c259b56b8ff2a30db29e45b7f22
tt100k,yolo11m,fp8,fog,3,original-height,S,0.5161529215906355,0.4975295186386796,0.018623402951955914,5bf32ba8f18be074afd1a56d4983bdd10d242721ef221df1a321654153bc0016,85aeebff8338ea2fc8e5e382c1d8e3a2117a7c259b56b8ff2a30db29e45b7f22
tt100k,yolo11m,fp8,fog,3,original-height,L,0.6618426116978204,0.6550376944236158,0.006804917274204625,5bf32ba8f18be074afd1a56d4983bdd10d242721ef221df1a321654153bc0016,85aeebff8338ea2fc8e5e382c1d8e3a2117a7c259b56b8ff2a30db29e45b7f22
tt100k,yolo11m,fp8,fog,3,original-height,XL,0.7439882939395132,0.7361552928963043,0.007833001043208832,5bf32ba8f18be074afd1a56d4983bdd10d242721ef221df1a321654153bc0016,85aeebff8338ea2fc8e5e382c1d8e3a2117a7c259b56b8ff2a30db29e45b7f22
tt100k,yolo11m,int8-entropy,fog,5,original-height,XS,0.1949984424756104,0.1601469678217822,0.03485147465382821,6cfafaf35914f5ae6df80cb3dbd7b7f5cf306f8beb25b16a2780c04a47ba3860,994bb497d06984e3f28a353f9fc329ca51f958a4c79507c9125f8b82976f0a4c
tt100k,yolo11m,int8-entropy,fog,5,original-height,S,0.4777706240347326,0.45326565004835506,0.02450497398637752,6cfafaf35914f5ae6df80cb3dbd7b7f5cf306f8beb25b16a2780c04a47ba3860,994bb497d06984e3f28a353f9fc329ca51f958a4c79507c9125f8b82976f0a4c
tt100k,yolo11m,int8-entropy,fog,5,original-height,L,0.6468130466697681,0.6232866818746097,0.02352636479515846,6cfafaf35914f5ae6df80cb3dbd7b7f5cf306f8beb25b16a2780c04a47ba3860,994bb497d06984e3f28a353f9fc329ca51f958a4c79507c9125f8b82976f0a4c
tt100k,yolo11m,int8-entropy,fog,5,original-height,XL,0.7240219166059859,0.7055023993789438,0.018519517227042148,6cfafaf35914f5ae6df80cb3dbd7b7f5cf306f8beb25b16a2780c04a47ba3860,994bb497d06984e3f28a353f9fc329ca51f958a4c79507c9125f8b82976f0a4c
tt100k,yolo11m,fp8,fog,5,original-height,XS,0.2531323132313231,0.23653293900818653,0.016599374223136593,5bf32ba8f18be074afd1a56d4983bdd10d242721ef221df1a321654153bc0016,ce9e4868453ac4b2fb60c64f07fe32768db10c3c096d98f2da6af79357b7b67a
tt100k,yolo11m,fp8,fog,5,original-height,S,0.5161529215906355,0.4979270661911099,0.018225855399525648,5bf32ba8f18be074afd1a56d4983bdd10d242721ef221df1a321654153bc0016,ce9e4868453ac4b2fb60c64f07fe32768db10c3c096d98f2da6af79357b7b67a
tt100k,yolo11m,fp8,fog,5,original-height,L,0.6618426116978204,0.6566233095525513,0.005219302145269111,5bf32ba8f18be074afd1a56d4983bdd10d242721ef221df1a321654153bc0016,ce9e4868453ac4b2fb60c64f07fe32768db10c3c096d98f2da6af79357b7b67a
tt100k,yolo11m,fp8,fog,5,original-height,XL,0.7439882939395132,0.7361521705688105,0.007836123370702608,5bf32ba8f18be074afd1a56d4983bdd10d242721ef221df1a321654153bc0016,ce9e4868453ac4b2fb60c64f07fe32768db10c3c096d98f2da6af79357b7b67a
tt100k,yolo11m,int8-entropy,gaussian_noise,1,original-height,XS,0.1949984424756104,0.16572943295700862,0.029269009518601785,6cfafaf35914f5ae6df80cb3dbd7b7f5cf306f8beb25b16a2780c04a47ba3860,b55f3d71477ad085ded9526d0a7bcd7524d78d36c684e05406a28426d5229f66
tt100k,yolo11m,int8-entropy,gaussian_noise,1,original-height,S,0.4777706240347326,0.447369825450291,0.030400798584441557,6cfafaf35914f5ae6df80cb3dbd7b7f5cf306f8beb25b16a2780c04a47ba3860,b55f3d71477ad085ded9526d0a7bcd7524d78d36c684e05406a28426d5229f66
tt100k,yolo11m,int8-entropy,gaussian_noise,1,original-height,L,0.6468130466697681,0.6117306393663099,0.03508240730345824,6cfafaf35914f5ae6df80cb3dbd7b7f5cf306f8beb25b16a2780c04a47ba3860,b55f3d71477ad085ded9526d0a7bcd7524d78d36c684e05406a28426d5229f66
tt100k,yolo11m,int8-entropy,gaussian_noise,1,original-height,XL,0.7240219166059859,0.6711532776498041,0.05286863895618177,6cfafaf35914f5ae6df80cb3dbd7b7f5cf306f8beb25b16a2780c04a47ba3860,b55f3d71477ad085ded9526d0a7bcd7524d78d36c684e05406a28426d5229f66
tt100k,yolo11m,fp8,gaussian_noise,1,original-height,XS,0.2531323132313231,0.19025910658108414,0.06287320665023899,5bf32ba8f18be074afd1a56d4983bdd10d242721ef221df1a321654153bc0016,95398117966d2033749abd2129254c548e9f0f2943977eeb6d031663a7bef346
tt100k,yolo11m,fp8,gaussian_noise,1,original-height,S,0.5161529215906355,0.48520252855063967,0.03095039303999586,5bf32ba8f18be074afd1a56d4983bdd10d242721ef221df1a321654153bc0016,95398117966d2033749abd2129254c548e9f0f2943977eeb6d031663a7bef346
tt100k,yolo11m,fp8,gaussian_noise,1,original-height,L,0.6618426116978204,0.6446928381894668,0.017149773508353672,5bf32ba8f18be074afd1a56d4983bdd10d242721ef221df1a321654153bc0016,95398117966d2033749abd2129254c548e9f0f2943977eeb6d031663a7bef346
tt100k,yolo11m,fp8,gaussian_noise,1,original-height,XL,0.7439882939395132,0.7118931877383129,0.03209510620120026,5bf32ba8f18be074afd1a56d4983bdd10d242721ef221df1a321654153bc0016,95398117966d2033749abd2129254c548e9f0f2943977eeb6d031663a7bef346
tt100k,yolo11m,int8-entropy,gaussian_noise,3,original-height,XS,0.1949984424756104,0.029064820094225025,0.16593362238138537,6cfafaf35914f5ae6df80cb3dbd7b7f5cf306f8beb25b16a2780c04a47ba3860,a3db7060a5952273a37181c4909584cacbc508addfa1c94ccbc6e73ebb2c7f0b
tt100k,yolo11m,int8-entropy,gaussian_noise,3,original-height,S,0.4777706240347326,0.27366987437051876,0.20410074966421382,6cfafaf35914f5ae6df80cb3dbd7b7f5cf306f8beb25b16a2780c04a47ba3860,a3db7060a5952273a37181c4909584cacbc508addfa1c94ccbc6e73ebb2c7f0b
tt100k,yolo11m,int8-entropy,gaussian_noise,3,original-height,L,0.6468130466697681,0.3800973241683651,0.266715722501403,6cfafaf35914f5ae6df80cb3dbd7b7f5cf306f8beb25b16a2780c04a47ba3860,a3db7060a5952273a37181c4909584cacbc508addfa1c94ccbc6e73ebb2c7f0b
tt100k,yolo11m,int8-entropy,gaussian_noise,3,original-height,XL,0.7240219166059859,0.442270923095397,0.2817509935105889,6cfafaf35914f5ae6df80cb3dbd7b7f5cf306f8beb25b16a2780c04a47ba3860,a3db7060a5952273a37181c4909584cacbc508addfa1c94ccbc6e73ebb2c7f0b
tt100k,yolo11m,fp8,gaussian_noise,3,original-height,XS,0.2531323132313231,0.02126847479916059,0.23186383843216254,5bf32ba8f18be074afd1a56d4983bdd10d242721ef221df1a321654153bc0016,a2d5b1c62250a61c78b293ea29c2118681363fd96165d188d15f8bb2d3963d57
tt100k,yolo11m,fp8,gaussian_noise,3,original-height,S,0.5161529215906355,0.323822358508174,0.19233056308246155,5bf32ba8f18be074afd1a56d4983bdd10d242721ef221df1a321654153bc0016,a2d5b1c62250a61c78b293ea29c2118681363fd96165d188d15f8bb2d3963d57
tt100k,yolo11m,fp8,gaussian_noise,3,original-height,L,0.6618426116978204,0.4130597637603629,0.24878284793745753,5bf32ba8f18be074afd1a56d4983bdd10d242721ef221df1a321654153bc0016,a2d5b1c62250a61c78b293ea29c2118681363fd96165d188d15f8bb2d3963d57
tt100k,yolo11m,fp8,gaussian_noise,3,original-height,XL,0.7439882939395132,0.420081883873172,0.32390641006634113,5bf32ba8f18be074afd1a56d4983bdd10d242721ef221df1a321654153bc0016,a2d5b1c62250a61c78b293ea29c2118681363fd96165d188d15f8bb2d3963d57
tt100k,yolo11m,int8-entropy,gaussian_noise,5,original-height,XS,0.1949984424756104,0.006620811119573496,0.1883776313560369,6cfafaf35914f5ae6df80cb3dbd7b7f5cf306f8beb25b16a2780c04a47ba3860,f5685e747ef17aab216143b258267d060d3040f48311634d42e73dff28f6c787
tt100k,yolo11m,int8-entropy,gaussian_noise,5,original-height,S,0.4777706240347326,0.059906485062824553,0.41786413897190805,6cfafaf35914f5ae6df80cb3dbd7b7f5cf306f8beb25b16a2780c04a47ba3860,f5685e747ef17aab216143b258267d060d3040f48311634d42e73dff28f6c787
tt100k,yolo11m,int8-entropy,gaussian_noise,5,original-height,L,0.6468130466697681,0.10969079350267676,0.5371222531670914,6cfafaf35914f5ae6df80cb3dbd7b7f5cf306f8beb25b16a2780c04a47ba3860,f5685e747ef17aab216143b258267d060d3040f48311634d42e73dff28f6c787
tt100k,yolo11m,int8-entropy,gaussian_noise,5,original-height,XL,0.7240219166059859,0.18278642131418762,0.5412354952917983,6cfafaf35914f5ae6df80cb3dbd7b7f5cf306f8beb25b16a2780c04a47ba3860,f5685e747ef17aab216143b258267d060d3040f48311634d42e73dff28f6c787
tt100k,yolo11m,fp8,gaussian_noise,5,original-height,XS,0.2531323132313231,0.014294554455445543,0.2388377587758776,5bf32ba8f18be074afd1a56d4983bdd10d242721ef221df1a321654153bc0016,0224f9d612e675f5506dbc4accaabb83d1607bc0ba8ee4b55a4ddc405f7f1dd8
tt100k,yolo11m,fp8,gaussian_noise,5,original-height,S,0.5161529215906355,0.052992035760009305,0.4631608858306262,5bf32ba8f18be074afd1a56d4983bdd10d242721ef221df1a321654153bc0016,0224f9d612e675f5506dbc4accaabb83d1607bc0ba8ee4b55a4ddc405f7f1dd8
tt100k,yolo11m,fp8,gaussian_noise,5,original-height,L,0.6618426116978204,0.11984367526043375,0.5419989364373867,5bf32ba8f18be074afd1a56d4983bdd10d242721ef221df1a321654153bc0016,0224f9d612e675f5506dbc4accaabb83d1607bc0ba8ee4b55a4ddc405f7f1dd8
tt100k,yolo11m,fp8,gaussian_noise,5,original-height,XL,0.7439882939395132,0.17436486481136101,0.5696234291281521,5bf32ba8f18be074afd1a56d4983bdd10d242721ef221df1a321654153bc0016,0224f9d612e675f5506dbc4accaabb83d1607bc0ba8ee4b55a4ddc405f7f1dd8
tt100k,yolo11m,int8-entropy,jpeg,1,original-height,XS,0.1949984424756104,0.11828638176519655,0.07671206071041385,6cfafaf35914f5ae6df80cb3dbd7b7f5cf306f8beb25b16a2780c04a47ba3860,ca127f2e773a12eca125289864af06824daf0584843cbed362c5a57ef4192551
tt100k,yolo11m,int8-entropy,jpeg,1,original-height,S,0.4777706240347326,0.4680465854555953,0.009724038579137284,6cfafaf35914f5ae6df80cb3dbd7b7f5cf306f8beb25b16a2780c04a47ba3860,ca127f2e773a12eca125289864af06824daf0584843cbed362c5a57ef4192551
tt100k,yolo11m,int8-entropy,jpeg,1,original-height,L,0.6468130466697681,0.6341898832758909,0.012623163393877257,6cfafaf35914f5ae6df80cb3dbd7b7f5cf306f8beb25b16a2780c04a47ba3860,ca127f2e773a12eca125289864af06824daf0584843cbed362c5a57ef4192551
tt100k,yolo11m,int8-entropy,jpeg,1,original-height,XL,0.7240219166059859,0.714529676010746,0.009492240595239898,6cfafaf35914f5ae6df80cb3dbd7b7f5cf306f8beb25b16a2780c04a47ba3860,ca127f2e773a12eca125289864af06824daf0584843cbed362c5a57ef4192551
tt100k,yolo11m,fp8,jpeg,1,original-height,XS,0.2531323132313231,0.24035537482319658,0.012776938408126548,5bf32ba8f18be074afd1a56d4983bdd10d242721ef221df1a321654153bc0016,29f63af07f53e3793f2ed76a00158cf96c8954eb072f21b59d06f548f16173dc
tt100k,yolo11m,fp8,jpeg,1,original-height,S,0.5161529215906355,0.49536840412264177,0.020784517467993757,5bf32ba8f18be074afd1a56d4983bdd10d242721ef221df1a321654153bc0016,29f63af07f53e3793f2ed76a00158cf96c8954eb072f21b59d06f548f16173dc
tt100k,yolo11m,fp8,jpeg,1,original-height,L,0.6618426116978204,0.6663248188199552,-0.004482207122134763,5bf32ba8f18be074afd1a56d4983bdd10d242721ef221df1a321654153bc0016,29f63af07f53e3793f2ed76a00158cf96c8954eb072f21b59d06f548f16173dc
tt100k,yolo11m,fp8,jpeg,1,original-height,XL,0.7439882939395132,0.7300152546314836,0.013973039308029511,5bf32ba8f18be074afd1a56d4983bdd10d242721ef221df1a321654153bc0016,29f63af07f53e3793f2ed76a00158cf96c8954eb072f21b59d06f548f16173dc
tt100k,yolo11m,int8-entropy,jpeg,3,original-height,XS,0.1949984424756104,0.12603050238779637,0.06896794008781404,6cfafaf35914f5ae6df80cb3dbd7b7f5cf306f8beb25b16a2780c04a47ba3860,0fe9d1344e2dad97701fc4290fc5d9158c041fe3e95603831c476b58dd8f7050
tt100k,yolo11m,int8-entropy,jpeg,3,original-height,S,0.4777706240347326,0.46451366386661785,0.013256960168114729,6cfafaf35914f5ae6df80cb3dbd7b7f5cf306f8beb25b16a2780c04a47ba3860,0fe9d1344e2dad97701fc4290fc5d9158c041fe3e95603831c476b58dd8f7050
tt100k,yolo11m,int8-entropy,jpeg,3,original-height,L,0.6468130466697681,0.6338562678545289,0.012956778815239267,6cfafaf35914f5ae6df80cb3dbd7b7f5cf306f8beb25b16a2780c04a47ba3860,0fe9d1344e2dad97701fc4290fc5d9158c041fe3e95603831c476b58dd8f7050
tt100k,yolo11m,int8-entropy,jpeg,3,original-height,XL,0.7240219166059859,0.7353945962767148,-0.011372679670728858,6cfafaf35914f5ae6df80cb3dbd7b7f5cf306f8beb25b16a2780c04a47ba3860,0fe9d1344e2dad97701fc4290fc5d9158c041fe3e95603831c476b58dd8f7050
tt100k,yolo11m,fp8,jpeg,3,original-height,XS,0.2531323132313231,0.15274643698890011,0.10038587624242301,5bf32ba8f18be074afd1a56d4983bdd10d242721ef221df1a321654153bc0016,c1ee5bf23156d843d48eb1f28a6736acd0a96e52e6ec00e74ea32fa878ff7d82
tt100k,yolo11m,fp8,jpeg,3,original-height,S,0.5161529215906355,0.484761756048454,0.03139116554218152,5bf32ba8f18be074afd1a56d4983bdd10d242721ef221df1a321654153bc0016,c1ee5bf23156d843d48eb1f28a6736acd0a96e52e6ec00e74ea32fa878ff7d82
tt100k,yolo11m,fp8,jpeg,3,original-height,L,0.6618426116978204,0.6700690493167708,-0.008226437618950366,5bf32ba8f18be074afd1a56d4983bdd10d242721ef221df1a321654153bc0016,c1ee5bf23156d843d48eb1f28a6736acd0a96e52e6ec00e74ea32fa878ff7d82
tt100k,yolo11m,fp8,jpeg,3,original-height,XL,0.7439882939395132,0.7360838140373456,0.007904479902167583,5bf32ba8f18be074afd1a56d4983bdd10d242721ef221df1a321654153bc0016,c1ee5bf23156d843d48eb1f28a6736acd0a96e52e6ec00e74ea32fa878ff7d82
tt100k,yolo11m,int8-entropy,jpeg,5,original-height,XS,0.1949984424756104,0.06027068386017595,0.13472775861543446,6cfafaf35914f5ae6df80cb3dbd7b7f5cf306f8beb25b16a2780c04a47ba3860,9a916dad81effab2107567c61730990c8147c7fc4c2aff876391586bf1f15662
tt100k,yolo11m,int8-entropy,jpeg,5,original-height,S,0.4777706240347326,0.33487815145241556,0.14289247258231702,6cfafaf35914f5ae6df80cb3dbd7b7f5cf306f8beb25b16a2780c04a47ba3860,9a916dad81effab2107567c61730990c8147c7fc4c2aff876391586bf1f15662
tt100k,yolo11m,int8-entropy,jpeg,5,original-height,L,0.6468130466697681,0.553753584570027,0.09305946209974114,6cfafaf35914f5ae6df80cb3dbd7b7f5cf306f8beb25b16a2780c04a47ba3860,9a916dad81effab2107567c61730990c8147c7fc4c2aff876391586bf1f15662
tt100k,yolo11m,int8-entropy,jpeg,5,original-height,XL,0.7240219166059859,0.6396212215745276,0.0844006950314583,6cfafaf35914f5ae6df80cb3dbd7b7f5cf306f8beb25b16a2780c04a47ba3860,9a916dad81effab2107567c61730990c8147c7fc4c2aff876391586bf1f15662
tt100k,yolo11m,fp8,jpeg,5,original-height,XS,0.2531323132313231,0.047488125367282974,0.20564418786404015,5bf32ba8f18be074afd1a56d4983bdd10d242721ef221df1a321654153bc0016,658d6956e3354a0131daf2b63b58b70a89b019cf3caceec6631ccba8f4632da9
tt100k,yolo11m,fp8,jpeg,5,original-height,S,0.5161529215906355,0.34607589235540404,0.1700770292352315,5bf32ba8f18be074afd1a56d4983bdd10d242721ef221df1a321654153bc0016,658d6956e3354a0131daf2b63b58b70a89b019cf3caceec6631ccba8f4632da9
tt100k,yolo11m,fp8,jpeg,5,original-height,L,0.6618426116978204,0.5412474360504881,0.12059517564733235,5bf32ba8f18be074afd1a56d4983bdd10d242721ef221df1a321654153bc0016,658d6956e3354a0131daf2b63b58b70a89b019cf3caceec6631ccba8f4632da9
tt100k,yolo11m,fp8,jpeg,5,original-height,XL,0.7439882939395132,0.6299368600214056,0.11405143391810757,5bf32ba8f18be074afd1a56d4983bdd10d242721ef221df1a321654153bc0016,658d6956e3354a0131daf2b63b58b70a89b019cf3caceec6631ccba8f4632da9
tt100k,yolo11m,int8-entropy,motion_blur,1,original-height,XS,0.1949984424756104,0.08662678767876786,0.10837165479684255,6cfafaf35914f5ae6df80cb3dbd7b7f5cf306f8beb25b16a2780c04a47ba3860,27683a1ea5a34129b6f1b9fb48276a14ebfea74587d614c9e4ec503df31c3f06
tt100k,yolo11m,int8-entropy,motion_blur,1,original-height,S,0.4777706240347326,0.3759889618691761,0.10178166216555651,6cfafaf35914f5ae6df80cb3dbd7b7f5cf306f8beb25b16a2780c04a47ba3860,27683a1ea5a34129b6f1b9fb48276a14ebfea74587d614c9e4ec503df31c3f06
tt100k,yolo11m,int8-entropy,motion_blur,1,original-height,L,0.6468130466697681,0.6402825215655757,0.006530525104192386,6cfafaf35914f5ae6df80cb3dbd7b7f5cf306f8beb25b16a2780c04a47ba3860,27683a1ea5a34129b6f1b9fb48276a14ebfea74587d614c9e4ec503df31c3f06
tt100k,yolo11m,int8-entropy,motion_blur,1,original-height,XL,0.7240219166059859,0.7371719015123654,-0.01314998490637953,6cfafaf35914f5ae6df80cb3dbd7b7f5cf306f8beb25b16a2780c04a47ba3860,27683a1ea5a34129b6f1b9fb48276a14ebfea74587d614c9e4ec503df31c3f06
tt100k,yolo11m,fp8,motion_blur,1,original-height,XS,0.2531323132313231,0.07608017051705171,0.17705214271427142,5bf32ba8f18be074afd1a56d4983bdd10d242721ef221df1a321654153bc0016,d5ad9eddb16fa500fdfb85572cd65aae4dcc777047158f8eb16c2f6dd17819ea
tt100k,yolo11m,fp8,motion_blur,1,original-height,S,0.5161529215906355,0.3983242570999224,0.11782866449071311,5bf32ba8f18be074afd1a56d4983bdd10d242721ef221df1a321654153bc0016,d5ad9eddb16fa500fdfb85572cd65aae4dcc777047158f8eb16c2f6dd17819ea
tt100k,yolo11m,fp8,motion_blur,1,original-height,L,0.6618426116978204,0.6473323624814781,0.014510249216342364,5bf32ba8f18be074afd1a56d4983bdd10d242721ef221df1a321654153bc0016,d5ad9eddb16fa500fdfb85572cd65aae4dcc777047158f8eb16c2f6dd17819ea
tt100k,yolo11m,fp8,motion_blur,1,original-height,XL,0.7439882939395132,0.7425451354171352,0.0014431585223779742,5bf32ba8f18be074afd1a56d4983bdd10d242721ef221df1a321654153bc0016,d5ad9eddb16fa500fdfb85572cd65aae4dcc777047158f8eb16c2f6dd17819ea
tt100k,yolo11m,int8-entropy,motion_blur,3,original-height,XS,0.1949984424756104,0.0,0.1949984424756104,6cfafaf35914f5ae6df80cb3dbd7b7f5cf306f8beb25b16a2780c04a47ba3860,3ce4cd3643f4bece04e064007bb84498865f2c772f61ab906c254452f8e5be73
tt100k,yolo11m,int8-entropy,motion_blur,3,original-height,S,0.4777706240347326,0.018891752619995678,0.45887887141473693,6cfafaf35914f5ae6df80cb3dbd7b7f5cf306f8beb25b16a2780c04a47ba3860,3ce4cd3643f4bece04e064007bb84498865f2c772f61ab906c254452f8e5be73
tt100k,yolo11m,int8-entropy,motion_blur,3,original-height,L,0.6468130466697681,0.2824613517060865,0.36435169496368164,6cfafaf35914f5ae6df80cb3dbd7b7f5cf306f8beb25b16a2780c04a47ba3860,3ce4cd3643f4bece04e064007bb84498865f2c772f61ab906c254452f8e5be73
tt100k,yolo11m,int8-entropy,motion_blur,3,original-height,XL,0.7240219166059859,0.5931043294316248,0.13091758717436108,6cfafaf35914f5ae6df80cb3dbd7b7f5cf306f8beb25b16a2780c04a47ba3860,3ce4cd3643f4bece04e064007bb84498865f2c772f61ab906c254452f8e5be73
tt100k,yolo11m,fp8,motion_blur,3,original-height,XS,0.2531323132313231,0.0,0.2531323132313231,5bf32ba8f18be074afd1a56d4983bdd10d242721ef221df1a321654153bc0016,3b1996a5a98f250e0bb758e39930298f68ae501597825803513b811cc9b7a1ac
tt100k,yolo11m,fp8,motion_blur,3,original-height,S,0.5161529215906355,0.020135038354462318,0.4960178832361732,5bf32ba8f18be074afd1a56d4983bdd10d242721ef221df1a321654153bc0016,3b1996a5a98f250e0bb758e39930298f68ae501597825803513b811cc9b7a1ac
tt100k,yolo11m,fp8,motion_blur,3,original-height,L,0.6618426116978204,0.31191651413367766,0.3499260975641428,5bf32ba8f18be074afd1a56d4983bdd10d242721ef221df1a321654153bc0016,3b1996a5a98f250e0bb758e39930298f68ae501597825803513b811cc9b7a1ac
tt100k,yolo11m,fp8,motion_blur,3,original-height,XL,0.7439882939395132,0.6012001019136345,0.14278819202587867,5bf32ba8f18be074afd1a56d4983bdd10d242721ef221df1a321654153bc0016,3b1996a5a98f250e0bb758e39930298f68ae501597825803513b811cc9b7a1ac
tt100k,yolo11m,int8-entropy,motion_blur,5,original-height,XS,0.1949984424756104,0.0,0.1949984424756104,6cfafaf35914f5ae6df80cb3dbd7b7f5cf306f8beb25b16a2780c04a47ba3860,2dfd7b415f6d277935ac62c3889b0db64311b93d2b364040753c4d10e72679bf
tt100k,yolo11m,int8-entropy,motion_blur,5,original-height,S,0.4777706240347326,0.00015433896330809552,0.4776162850714245,6cfafaf35914f5ae6df80cb3dbd7b7f5cf306f8beb25b16a2780c04a47ba3860,2dfd7b415f6d277935ac62c3889b0db64311b93d2b364040753c4d10e72679bf
tt100k,yolo11m,int8-entropy,motion_blur,5,original-height,L,0.6468130466697681,0.06580344274583184,0.5810096039239363,6cfafaf35914f5ae6df80cb3dbd7b7f5cf306f8beb25b16a2780c04a47ba3860,2dfd7b415f6d277935ac62c3889b0db64311b93d2b364040753c4d10e72679bf
tt100k,yolo11m,int8-entropy,motion_blur,5,original-height,XL,0.7240219166059859,0.2770652390127282,0.4469566775932577,6cfafaf35914f5ae6df80cb3dbd7b7f5cf306f8beb25b16a2780c04a47ba3860,2dfd7b415f6d277935ac62c3889b0db64311b93d2b364040753c4d10e72679bf
tt100k,yolo11m,fp8,motion_blur,5,original-height,XS,0.2531323132313231,0.0,0.2531323132313231,5bf32ba8f18be074afd1a56d4983bdd10d242721ef221df1a321654153bc0016,b21bcd315c2b3ae8949e9ed397afbd5a465309952e1721ce535c584e612f95f4
tt100k,yolo11m,fp8,motion_blur,5,original-height,S,0.5161529215906355,0.000240729955348476,0.515912191635287,5bf32ba8f18be074afd1a56d4983bdd10d242721ef221df1a321654153bc0016,b21bcd315c2b3ae8949e9ed397afbd5a465309952e1721ce535c584e612f95f4
tt100k,yolo11m,fp8,motion_blur,5,original-height,L,0.6618426116978204,0.08022521920622881,0.5816173924915916,5bf32ba8f18be074afd1a56d4983bdd10d242721ef221df1a321654153bc0016,b21bcd315c2b3ae8949e9ed397afbd5a465309952e1721ce535c584e612f95f4
tt100k,yolo11m,fp8,motion_blur,5,original-height,XL,0.7439882939395132,0.31138703913191257,0.4326012548076006,5bf32ba8f18be074afd1a56d4983bdd10d242721ef221df1a321654153bc0016,b21bcd315c2b3ae8949e9ed397afbd5a465309952e1721ce535c584e612f95f4
tt100k,yolo11n,int8-entropy,fog,1,original-height,XS,0.025472545844810044,0.024846556516250697,0.0006259893285593468,027e6a4f0164d36649ac25be2e1a3f6df251524d3afdd0fe28fb9990c10284a4,a1f39ad507cdba712eb73dfdaf1513a01d6c27c131fd37c186ccca0d122ef43b
tt100k,yolo11n,int8-entropy,fog,1,original-height,S,0.20699392117807652,0.19392913718620647,0.013064783991870055,027e6a4f0164d36649ac25be2e1a3f6df251524d3afdd0fe28fb9990c10284a4,a1f39ad507cdba712eb73dfdaf1513a01d6c27c131fd37c186ccca0d122ef43b
tt100k,yolo11n,int8-entropy,fog,1,original-height,L,0.4095558558425729,0.4018578845950044,0.007697971247568547,027e6a4f0164d36649ac25be2e1a3f6df251524d3afdd0fe28fb9990c10284a4,a1f39ad507cdba712eb73dfdaf1513a01d6c27c131fd37c186ccca0d122ef43b
tt100k,yolo11n,int8-entropy,fog,1,original-height,XL,0.4678162028936088,0.4580636144870162,0.0097525884065926,027e6a4f0164d36649ac25be2e1a3f6df251524d3afdd0fe28fb9990c10284a4,a1f39ad507cdba712eb73dfdaf1513a01d6c27c131fd37c186ccca0d122ef43b
tt100k,yolo11n,fp8,fog,1,original-height,XS,0.009457155132934105,0.01074431962427012,-0.0012871644913360156,1275eeac930ae3cf817fe8fc5fe83947ba1e8e26ca2e0087618f537165dd88ef,b4a7b65fc153262874e5e8991f4bdfa4e98b906c8702e8754a78d9ac44c844f0
tt100k,yolo11n,fp8,fog,1,original-height,S,0.2017535806782996,0.20548956079746838,-0.003735980119168786,1275eeac930ae3cf817fe8fc5fe83947ba1e8e26ca2e0087618f537165dd88ef,b4a7b65fc153262874e5e8991f4bdfa4e98b906c8702e8754a78d9ac44c844f0
tt100k,yolo11n,fp8,fog,1,original-height,L,0.4041173538866544,0.405881747054791,-0.0017643931681366465,1275eeac930ae3cf817fe8fc5fe83947ba1e8e26ca2e0087618f537165dd88ef,b4a7b65fc153262874e5e8991f4bdfa4e98b906c8702e8754a78d9ac44c844f0
tt100k,yolo11n,fp8,fog,1,original-height,XL,0.48002179510765836,0.48743845884722187,-0.0074166637395635115,1275eeac930ae3cf817fe8fc5fe83947ba1e8e26ca2e0087618f537165dd88ef,b4a7b65fc153262874e5e8991f4bdfa4e98b906c8702e8754a78d9ac44c844f0
tt100k,yolo11n,int8-entropy,fog,3,original-height,XS,0.025472545844810044,0.02515022340188766,0.0003223224429223827,027e6a4f0164d36649ac25be2e1a3f6df251524d3afdd0fe28fb9990c10284a4,aee332573f69c7d749c835e6f86c1db99396afe202b02b96937fac08576b2dbf
tt100k,yolo11n,int8-entropy,fog,3,original-height,S,0.20699392117807652,0.1885585366742976,0.018435384503778934,027e6a4f0164d36649ac25be2e1a3f6df251524d3afdd0fe28fb9990c10284a4,aee332573f69c7d749c835e6f86c1db99396afe202b02b96937fac08576b2dbf
tt100k,yolo11n,int8-entropy,fog,3,original-height,L,0.4095558558425729,0.3959468906056954,0.013608965236877546,027e6a4f0164d36649ac25be2e1a3f6df251524d3afdd0fe28fb9990c10284a4,aee332573f69c7d749c835e6f86c1db99396afe202b02b96937fac08576b2dbf
tt100k,yolo11n,int8-entropy,fog,3,original-height,XL,0.4678162028936088,0.44189866661032906,0.025917536283279752,027e6a4f0164d36649ac25be2e1a3f6df251524d3afdd0fe28fb9990c10284a4,aee332573f69c7d749c835e6f86c1db99396afe202b02b96937fac08576b2dbf
tt100k,yolo11n,fp8,fog,3,original-height,XS,0.009457155132934105,0.016431121210831973,-0.0069739660778978686,1275eeac930ae3cf817fe8fc5fe83947ba1e8e26ca2e0087618f537165dd88ef,23844caa3d6dd585d233a3e2057ab4d987d328efc18917844a88a9ee703f1e7f
tt100k,yolo11n,fp8,fog,3,original-height,S,0.2017535806782996,0.2009414378581425,0.0008121428201570968,1275eeac930ae3cf817fe8fc5fe83947ba1e8e26ca2e0087618f537165dd88ef,23844caa3d6dd585d233a3e2057ab4d987d328efc18917844a88a9ee703f1e7f
tt100k,yolo11n,fp8,fog,3,original-height,L,0.4041173538866544,0.39720043097954344,0.006916922907110934,1275eeac930ae3cf817fe8fc5fe83947ba1e8e26ca2e0087618f537165dd88ef,23844caa3d6dd585d233a3e2057ab4d987d328efc18917844a88a9ee703f1e7f
tt100k,yolo11n,fp8,fog,3,original-height,XL,0.48002179510765836,0.4680928453010043,0.011928949806654043,1275eeac930ae3cf817fe8fc5fe83947ba1e8e26ca2e0087618f537165dd88ef,23844caa3d6dd585d233a3e2057ab4d987d328efc18917844a88a9ee703f1e7f
tt100k,yolo11n,int8-entropy,fog,5,original-height,XS,0.025472545844810044,0.025061881188118813,0.00041066465669123073,027e6a4f0164d36649ac25be2e1a3f6df251524d3afdd0fe28fb9990c10284a4,c9fe0d2d3afda65c724ee31f54c4afae48524c3c1db37d2e999ec5cc3f5ccd41
tt100k,yolo11n,int8-entropy,fog,5,original-height,S,0.20699392117807652,0.19357583958801822,0.013418081590058306,027e6a4f0164d36649ac25be2e1a3f6df251524d3afdd0fe28fb9990c10284a4,c9fe0d2d3afda65c724ee31f54c4afae48524c3c1db37d2e999ec5cc3f5ccd41
tt100k,yolo11n,int8-entropy,fog,5,original-height,L,0.4095558558425729,0.3895469663454935,0.020008889497079407,027e6a4f0164d36649ac25be2e1a3f6df251524d3afdd0fe28fb9990c10284a4,c9fe0d2d3afda65c724ee31f54c4afae48524c3c1db37d2e999ec5cc3f5ccd41
tt100k,yolo11n,int8-entropy,fog,5,original-height,XL,0.4678162028936088,0.4255122967333117,0.04230390616029711,027e6a4f0164d36649ac25be2e1a3f6df251524d3afdd0fe28fb9990c10284a4,c9fe0d2d3afda65c724ee31f54c4afae48524c3c1db37d2e999ec5cc3f5ccd41
tt100k,yolo11n,fp8,fog,5,original-height,XS,0.009457155132934105,0.01854510451045104,-0.009087949377516934,1275eeac930ae3cf817fe8fc5fe83947ba1e8e26ca2e0087618f537165dd88ef,9cf37f2105304ea23e468087ce1c5b0e080c9dc1f21d1c12b2959be9a439637d
tt100k,yolo11n,fp8,fog,5,original-height,S,0.2017535806782996,0.18835982049367425,0.013393760184625347,1275eeac930ae3cf817fe8fc5fe83947ba1e8e26ca2e0087618f537165dd88ef,9cf37f2105304ea23e468087ce1c5b0e080c9dc1f21d1c12b2959be9a439637d
tt100k,yolo11n,fp8,fog,5,original-height,L,0.4041173538866544,0.39284742228495845,0.011269931601695926,1275eeac930ae3cf817fe8fc5fe83947ba1e8e26ca2e0087618f537165dd88ef,9cf37f2105304ea23e468087ce1c5b0e080c9dc1f21d1c12b2959be9a439637d
tt100k,yolo11n,fp8,fog,5,original-height,XL,0.48002179510765836,0.48505164575958426,-0.0050298506519259045,1275eeac930ae3cf817fe8fc5fe83947ba1e8e26ca2e0087618f537165dd88ef,9cf37f2105304ea23e468087ce1c5b0e080c9dc1f21d1c12b2959be9a439637d
tt100k,yolo11n,int8-entropy,gaussian_noise,1,original-height,XS,0.025472545844810044,0.027384705045596133,-0.0019121592007860892,027e6a4f0164d36649ac25be2e1a3f6df251524d3afdd0fe28fb9990c10284a4,79483d50982991a52fc6cd7ea35f75a48cb2179d6cad75775b1112ce859465d0
tt100k,yolo11n,int8-entropy,gaussian_noise,1,original-height,S,0.20699392117807652,0.18264707465818955,0.024346846519886972,027e6a4f0164d36649ac25be2e1a3f6df251524d3afdd0fe28fb9990c10284a4,79483d50982991a52fc6cd7ea35f75a48cb2179d6cad75775b1112ce859465d0
tt100k,yolo11n,int8-entropy,gaussian_noise,1,original-height,L,0.4095558558425729,0.3796638960346795,0.029891959807893442,027e6a4f0164d36649ac25be2e1a3f6df251524d3afdd0fe28fb9990c10284a4,79483d50982991a52fc6cd7ea35f75a48cb2179d6cad75775b1112ce859465d0
tt100k,yolo11n,int8-entropy,gaussian_noise,1,original-height,XL,0.4678162028936088,0.41404631893184746,0.053769883961761356,027e6a4f0164d36649ac25be2e1a3f6df251524d3afdd0fe28fb9990c10284a4,79483d50982991a52fc6cd7ea35f75a48cb2179d6cad75775b1112ce859465d0
tt100k,yolo11n,fp8,gaussian_noise,1,original-height,XS,0.009457155132934105,0.02215499620519543,-0.012697841072261325,1275eeac930ae3cf817fe8fc5fe83947ba1e8e26ca2e0087618f537165dd88ef,2b9295d2082e2d2ce33460e6490baa843d4a39434f7caab25ea9710927d60fd6
tt100k,yolo11n,fp8,gaussian_noise,1,original-height,S,0.2017535806782996,0.20085175064126765,0.0009018300370319532,1275eeac930ae3cf817fe8fc5fe83947ba1e8e26ca2e0087618f537165dd88ef,2b9295d2082e2d2ce33460e6490baa843d4a39434f7caab25ea9710927d60fd6
tt100k,yolo11n,fp8,gaussian_noise,1,original-height,L,0.4041173538866544,0.4013692148092326,0.002748139077421774,1275eeac930ae3cf817fe8fc5fe83947ba1e8e26ca2e0087618f537165dd88ef,2b9295d2082e2d2ce33460e6490baa843d4a39434f7caab25ea9710927d60fd6
tt100k,yolo11n,fp8,gaussian_noise,1,original-height,XL,0.48002179510765836,0.4324820990788334,0.04753969602882496,1275eeac930ae3cf817fe8fc5fe83947ba1e8e26ca2e0087618f537165dd88ef,2b9295d2082e2d2ce33460e6490baa843d4a39434f7caab25ea9710927d60fd6
tt100k,yolo11n,int8-entropy,gaussian_noise,3,original-height,XS,0.025472545844810044,0.025866336633663365,-0.00039379078885332097,027e6a4f0164d36649ac25be2e1a3f6df251524d3afdd0fe28fb9990c10284a4,daf5e71e97d1ab07c9bdd571531cbb6ca507425a773c726c2f761fd8f32b8c2f
tt100k,yolo11n,int8-entropy,gaussian_noise,3,original-height,S,0.20699392117807652,0.13522467756784834,0.07176924361022818,027e6a4f0164d36649ac25be2e1a3f6df251524d3afdd0fe28fb9990c10284a4,daf5e71e97d1ab07c9bdd571531cbb6ca507425a773c726c2f761fd8f32b8c2f
tt100k,yolo11n,int8-entropy,gaussian_noise,3,original-height,L,0.4095558558425729,0.25281131298876336,0.15674454285380957,027e6a4f0164d36649ac25be2e1a3f6df251524d3afdd0fe28fb9990c10284a4,daf5e71e97d1ab07c9bdd571531cbb6ca507425a773c726c2f761fd8f32b8c2f
tt100k,yolo11n,int8-entropy,gaussian_noise,3,original-height,XL,0.4678162028936088,0.20765188653303648,0.26016431636057236,027e6a4f0164d36649ac25be2e1a3f6df251524d3afdd0fe28fb9990c10284a4,daf5e71e97d1ab07c9bdd571531cbb6ca507425a773c726c2f761fd8f32b8c2f
tt100k,yolo11n,fp8,gaussian_noise,3,original-height,XS,0.009457155132934105,0.01547029702970297,-0.006013141896768865,1275eeac930ae3cf817fe8fc5fe83947ba1e8e26ca2e0087618f537165dd88ef,51e57942e749b8fe92ebac20038990cd296faa82e9515180fef3d1444d0f181c
tt100k,yolo11n,fp8,gaussian_noise,3,original-height,S,0.2017535806782996,0.133589080148731,0.0681645005295686,1275eeac930ae3cf817fe8fc5fe83947ba1e8e26ca2e0087618f537165dd88ef,51e57942e749b8fe92ebac20038990cd296faa82e9515180fef3d1444d0f181c
tt100k,yolo11n,fp8,gaussian_noise,3,original-height,L,0.4041173538866544,0.2681612630463449,0.13595609084030946,1275eeac930ae3cf817fe8fc5fe83947ba1e8e26ca2e0087618f537165dd88ef,51e57942e749b8fe92ebac20038990cd296faa82e9515180fef3d1444d0f181c
tt100k,yolo11n,fp8,gaussian_noise,3,original-height,XL,0.48002179510765836,0.2602636892617628,0.21975810584589556,1275eeac930ae3cf817fe8fc5fe83947ba1e8e26ca2e0087618f537165dd88ef,51e57942e749b8fe92ebac20038990cd296faa82e9515180fef3d1444d0f181c
tt100k,yolo11n,int8-entropy,gaussian_noise,5,original-height,XS,0.025472545844810044,0.0016575667493726636,0.02381497909543738,027e6a4f0164d36649ac25be2e1a3f6df251524d3afdd0fe28fb9990c10284a4,08e6d2d9d039e2bcde80d73caf745c3b79c81210af44ec65c8e84a7baf5cf570
tt100k,yolo11n,int8-entropy,gaussian_noise,5,original-height,S,0.20699392117807652,0.03904953038588655,0.16794439079218998,027e6a4f0164d36649ac25be2e1a3f6df251524d3afdd0fe28fb9990c10284a4,08e6d2d9d039e2bcde80d73caf745c3b79c81210af44ec65c8e84a7baf5cf570
tt100k,yolo11n,int8-entropy,gaussian_noise,5,original-height,L,0.4095558558425729,0.08809793055821505,0.3214579252843579,027e6a4f0164d36649ac25be2e1a3f6df251524d3afdd0fe28fb9990c10284a4,08e6d2d9d039e2bcde80d73caf745c3b79c81210af44ec65c8e84a7baf5cf570
tt100k,yolo11n,int8-entropy,gaussian_noise,5,original-height,XL,0.4678162028936088,0.06870194241205528,0.3991142604815535,027e6a4f0164d36649ac25be2e1a3f6df251524d3afdd0fe28fb9990c10284a4,08e6d2d9d039e2bcde80d73caf745c3b79c81210af44ec65c8e84a7baf5cf570
tt100k,yolo11n,fp8,gaussian_noise,5,original-height,XS,0.009457155132934105,0.0019492574257425743,0.0075078977071915305,1275eeac930ae3cf817fe8fc5fe83947ba1e8e26ca2e0087618f537165dd88ef,7e984b1b0cec8f93ba62110e01f864d7efeb69aeaae78c1878737ca7ce387176
tt100k,yolo11n,fp8,gaussian_noise,5,original-height,S,0.2017535806782996,0.040698754326314805,0.1610548263519848,1275eeac930ae3cf817fe8fc5fe83947ba1e8e26ca2e0087618f537165dd88ef,7e984b1b0cec8f93ba62110e01f864d7efeb69aeaae78c1878737ca7ce387176
tt100k,yolo11n,fp8,gaussian_noise,5,original-height,L,0.4041173538866544,0.09503686758365991,0.30908048630299445,1275eeac930ae3cf817fe8fc5fe83947ba1e8e26ca2e0087618f537165dd88ef,7e984b1b0cec8f93ba62110e01f864d7efeb69aeaae78c1878737ca7ce387176
tt100k,yolo11n,fp8,gaussian_noise,5,original-height,XL,0.48002179510765836,0.0800879698075169,0.39993382530014143,1275eeac930ae3cf817fe8fc5fe83947ba1e8e26ca2e0087618f537165dd88ef,7e984b1b0cec8f93ba62110e01f864d7efeb69aeaae78c1878737ca7ce387176
tt100k,yolo11n,int8-entropy,jpeg,1,original-height,XS,0.025472545844810044,0.024176470835859092,0.0012960750089509518,027e6a4f0164d36649ac25be2e1a3f6df251524d3afdd0fe28fb9990c10284a4,c62d7b0cfb2e5e0055b5f1fdf2a83c3eb810fc295c861197163f81bce4b785a9
tt100k,yolo11n,int8-entropy,jpeg,1,original-height,S,0.20699392117807652,0.19869184836068554,0.008302072817390982,027e6a4f0164d36649ac25be2e1a3f6df251524d3afdd0fe28fb9990c10284a4,c62d7b0cfb2e5e0055b5f1fdf2a83c3eb810fc295c861197163f81bce4b785a9
tt100k,yolo11n,int8-entropy,jpeg,1,original-height,L,0.4095558558425729,0.4039363489096497,0.005619506932923235,027e6a4f0164d36649ac25be2e1a3f6df251524d3afdd0fe28fb9990c10284a4,c62d7b0cfb2e5e0055b5f1fdf2a83c3eb810fc295c861197163f81bce4b785a9
tt100k,yolo11n,int8-entropy,jpeg,1,original-height,XL,0.4678162028936088,0.47790248251802914,-0.010086279624420325,027e6a4f0164d36649ac25be2e1a3f6df251524d3afdd0fe28fb9990c10284a4,c62d7b0cfb2e5e0055b5f1fdf2a83c3eb810fc295c861197163f81bce4b785a9
tt100k,yolo11n,fp8,jpeg,1,original-height,XS,0.009457155132934105,0.011908944139090577,-0.0024517890061564723,1275eeac930ae3cf817fe8fc5fe83947ba1e8e26ca2e0087618f537165dd88ef,56389f8efe6ef067f6cdf7a9ee0346501153c45f5d4ac5e5da8b3bd261505226
tt100k,yolo11n,fp8,jpeg,1,original-height,S,0.2017535806782996,0.19852655037042363,0.0032270303078759666,1275eeac930ae3cf817fe8fc5fe83947ba1e8e26ca2e0087618f537165dd88ef,56389f8efe6ef067f6cdf7a9ee0346501153c45f5d4ac5e5da8b3bd261505226
tt100k,yolo11n,fp8,jpeg,1,original-height,L,0.4041173538866544,0.4148576228299145,-0.010740268943260134,1275eeac930ae3cf817fe8fc5fe83947ba1e8e26ca2e0087618f537165dd88ef,56389f8efe6ef067f6cdf7a9ee0346501153c45f5d4ac5e5da8b3bd261505226
tt100k,yolo11n,fp8,jpeg,1,original-height,XL,0.48002179510765836,0.4699548131165983,0.010066981991060042,1275eeac930ae3cf817fe8fc5fe83947ba1e8e26ca2e0087618f537165dd88ef,56389f8efe6ef067f6cdf7a9ee0346501153c45f5d4ac5e5da8b3bd261505226
tt100k,yolo11n,int8-entropy,jpeg,3,original-height,XS,0.025472545844810044,0.018652398776463013,0.0068201470683470315,027e6a4f0164d36649ac25be2e1a3f6df251524d3afdd0fe28fb9990c10284a4,810d407f3ade21e2fedda820e2f817719928afc2ae1b6fb8f778470f6ebc934a
tt100k,yolo11n,int8-entropy,jpeg,3,original-height,S,0.20699392117807652,0.19484988616953042,0.012144035008546106,027e6a4f0164d36649ac25be2e1a3f6df251524d3afdd0fe28fb9990c10284a4,810d407f3ade21e2fedda820e2f817719928afc2ae1b6fb8f778470f6ebc934a
tt100k,yolo11n,int8-entropy,jpeg,3,original-height,L,0.4095558558425729,0.40008416931973656,0.009471686522836364,027e6a4f0164d36649ac25be2e1a3f6df251524d3afdd0fe28fb9990c10284a4,810d407f3ade21e2fedda820e2f817719928afc2ae1b6fb8f778470f6ebc934a
tt100k,yolo11n,int8-entropy,jpeg,3,original-height,XL,0.4678162028936088,0.4720932275157504,-0.004277024622141579,027e6a4f0164d36649ac25be2e1a3f6df251524d3afdd0fe28fb9990c10284a4,810d407f3ade21e2fedda820e2f817719928afc2ae1b6fb8f778470f6ebc934a
tt100k,yolo11n,fp8,jpeg,3,original-height,XS,0.009457155132934105,0.022040526111434672,-0.012583370978500567,1275eeac930ae3cf817fe8fc5fe83947ba1e8e26ca2e0087618f537165dd88ef,3a012e7a22a30d761c577effcc9dee760f4f30df9165c3b3f29f5346bc911cdc
tt100k,yolo11n,fp8,jpeg,3,original-height,S,0.2017535806782996,0.2011833513115879,0.0005702293667116942,1275eeac930ae3cf817fe8fc5fe83947ba1e8e26ca2e0087618f537165dd88ef,3a012e7a22a30d761c577effcc9dee760f4f30df9165c3b3f29f5346bc911cdc
tt100k,yolo11n,fp8,jpeg,3,original-height,L,0.4041173538866544,0.41757484011393153,-0.01345748622727716,1275eeac930ae3cf817fe8fc5fe83947ba1e8e26ca2e0087618f537165dd88ef,3a012e7a22a30d761c577effcc9dee760f4f30df9165c3b3f29f5346bc911cdc
tt100k,yolo11n,fp8,jpeg,3,original-height,XL,0.48002179510765836,0.4827879618831529,-0.002766166775494572,1275eeac930ae3cf817fe8fc5fe83947ba1e8e26ca2e0087618f537165dd88ef,3a012e7a22a30d761c577effcc9dee760f4f30df9165c3b3f29f5346bc911cdc
tt100k,yolo11n,int8-entropy,jpeg,5,original-height,XS,0.025472545844810044,0.013274996178504235,0.01219754966630581,027e6a4f0164d36649ac25be2e1a3f6df251524d3afdd0fe28fb9990c10284a4,e1ba37aeb1eba43a9b018b8e82a653f6bf86ddf20c96ccc14a824e34c9d9cfc8
tt100k,yolo11n,int8-entropy,jpeg,5,original-height,S,0.20699392117807652,0.1543493916008423,0.05264452957723423,027e6a4f0164d36649ac25be2e1a3f6df251524d3afdd0fe28fb9990c10284a4,e1ba37aeb1eba43a9b018b8e82a653f6bf86ddf20c96ccc14a824e34c9d9cfc8
tt100k,yolo11n,int8-entropy,jpeg,5,original-height,L,0.4095558558425729,0.35380562387154285,0.05575023197103007,027e6a4f0164d36649ac25be2e1a3f6df251524d3afdd0fe28fb9990c10284a4,e1ba37aeb1eba43a9b018b8e82a653f6bf86ddf20c96ccc14a824e34c9d9cfc8
tt100k,yolo11n,int8-entropy,jpeg,5,original-height,XL,0.4678162028936088,0.3537693198684723,0.11404688302513649,027e6a4f0164d36649ac25be2e1a3f6df251524d3afdd0fe28fb9990c10284a4,e1ba37aeb1eba43a9b018b8e82a653f6bf86ddf20c96ccc14a824e34c9d9cfc8
tt100k,yolo11n,fp8,jpeg,5,original-height,XS,0.009457155132934105,0.012578525995399733,-0.0031213708624656285,1275eeac930ae3cf817fe8fc5fe83947ba1e8e26ca2e0087618f537165dd88ef,bdd5b8f1d4a7296ff8c2b725599ad4bf2da4871644e1acd82cd3cfcff09b1d2d
tt100k,yolo11n,fp8,jpeg,5,original-height,S,0.2017535806782996,0.16271163100055355,0.039041949677746046,1275eeac930ae3cf817fe8fc5fe83947ba1e8e26ca2e0087618f537165dd88ef,bdd5b8f1d4a7296ff8c2b725599ad4bf2da4871644e1acd82cd3cfcff09b1d2d
tt100k,yolo11n,fp8,jpeg,5,original-height,L,0.4041173538866544,0.3645852289567382,0.039532124929916146,1275eeac930ae3cf817fe8fc5fe83947ba1e8e26ca2e0087618f537165dd88ef,bdd5b8f1d4a7296ff8c2b725599ad4bf2da4871644e1acd82cd3cfcff09b1d2d
tt100k,yolo11n,fp8,jpeg,5,original-height,XL,0.48002179510765836,0.40510108490278846,0.0749207102048699,1275eeac930ae3cf817fe8fc5fe83947ba1e8e26ca2e0087618f537165dd88ef,bdd5b8f1d4a7296ff8c2b725599ad4bf2da4871644e1acd82cd3cfcff09b1d2d
tt100k,yolo11n,int8-entropy,motion_blur,1,original-height,XS,0.025472545844810044,0.012075587185899975,0.01339695865891007,027e6a4f0164d36649ac25be2e1a3f6df251524d3afdd0fe28fb9990c10284a4,c8c34d3c246c387200c48cd1d6b058212aefbd7281f5940a821cfb8b715b797b
tt100k,yolo11n,int8-entropy,motion_blur,1,original-height,S,0.20699392117807652,0.15511049465517632,0.051883426522900206,027e6a4f0164d36649ac25be2e1a3f6df251524d3afdd0fe28fb9990c10284a4,c8c34d3c246c387200c48cd1d6b058212aefbd7281f5940a821cfb8b715b797b
tt100k,yolo11n,int8-entropy,motion_blur,1,original-height,L,0.4095558558425729,0.36107525831896814,0.048480597523604785,027e6a4f0164d36649ac25be2e1a3f6df251524d3afdd0fe28fb9990c10284a4,c8c34d3c246c387200c48cd1d6b058212aefbd7281f5940a821cfb8b715b797b
tt100k,yolo11n,int8-entropy,motion_blur,1,original-height,XL,0.4678162028936088,0.4475357348708161,0.020280468022792708,027e6a4f0164d36649ac25be2e1a3f6df251524d3afdd0fe28fb9990c10284a4,c8c34d3c246c387200c48cd1d6b058212aefbd7281f5940a821cfb8b715b797b
tt100k,yolo11n,fp8,motion_blur,1,original-height,XS,0.009457155132934105,0.007413366336633664,0.002043788796300441,1275eeac930ae3cf817fe8fc5fe83947ba1e8e26ca2e0087618f537165dd88ef,bf23d1eb3d7a25a14c56105549a7c5ed48ad7b4606f7473d432c04bbd667afa8
tt100k,yolo11n,fp8,motion_blur,1,original-height,S,0.2017535806782996,0.1592730207500461,0.0424805599282535,1275eeac930ae3cf817fe8fc5fe83947ba1e8e26ca2e0087618f537165dd88ef,bf23d1eb3d7a25a14c56105549a7c5ed48ad7b4606f7473d432c04bbd667afa8
tt100k,yolo11n,fp8,motion_blur,1,original-height,L,0.4041173538866544,0.37408749449663026,0.030029859390024116,1275eeac930ae3cf817fe8fc5fe83947ba1e8e26ca2e0087618f537165dd88ef,bf23d1eb3d7a25a14c56105549a7c5ed48ad7b4606f7473d432c04bbd667afa8
tt100k,yolo11n,fp8,motion_blur,1,original-height,XL,0.48002179510765836,0.45063609893412654,0.029385696173531817,1275eeac930ae3cf817fe8fc5fe83947ba1e8e26ca2e0087618f537165dd88ef,bf23d1eb3d7a25a14c56105549a7c5ed48ad7b4606f7473d432c04bbd667afa8
tt100k,yolo11n,int8-entropy,motion_blur,3,original-height,XS,0.025472545844810044,0.0,0.025472545844810044,027e6a4f0164d36649ac25be2e1a3f6df251524d3afdd0fe28fb9990c10284a4,4694c8eb7ff5156de91f1bdee9f4f674ffdd0034e69cde108e87ad55e63fc4ad
tt100k,yolo11n,int8-entropy,motion_blur,3,original-height,S,0.20699392117807652,0.016005293776140486,0.19098862740193603,027e6a4f0164d36649ac25be2e1a3f6df251524d3afdd0fe28fb9990c10284a4,4694c8eb7ff5156de91f1bdee9f4f674ffdd0034e69cde108e87ad55e63fc4ad
tt100k,yolo11n,int8-entropy,motion_blur,3,original-height,L,0.4095558558425729,0.12360606750007506,0.28594978834249785,027e6a4f0164d36649ac25be2e1a3f6df251524d3afdd0fe28fb9990c10284a4,4694c8eb7ff5156de91f1bdee9f4f674ffdd0034e69cde108e87ad55e63fc4ad
tt100k,yolo11n,int8-entropy,motion_blur,3,original-height,XL,0.4678162028936088,0.28927349227439164,0.17854271061921717,027e6a4f0164d36649ac25be2e1a3f6df251524d3afdd0fe28fb9990c10284a4,4694c8eb7ff5156de91f1bdee9f4f674ffdd0034e69cde108e87ad55e63fc4ad
tt100k,yolo11n,fp8,motion_blur,3,original-height,XS,0.009457155132934105,0.0012995049504950496,0.008157650182439056,1275eeac930ae3cf817fe8fc5fe83947ba1e8e26ca2e0087618f537165dd88ef,6e30c099683f458b64159ea75393caa124bbaa1b865b289aaa9937284e149425
tt100k,yolo11n,fp8,motion_blur,3,original-height,S,0.2017535806782996,0.016052913384401842,0.18570066729389775,1275eeac930ae3cf817fe8fc5fe83947ba1e8e26ca2e0087618f537165dd88ef,6e30c099683f458b64159ea75393caa124bbaa1b865b289aaa9937284e149425
tt100k,yolo11n,fp8,motion_blur,3,original-height,L,0.4041173538866544,0.1582318784776949,0.24588547540895947,1275eeac930ae3cf817fe8fc5fe83947ba1e8e26ca2e0087618f537165dd88ef,6e30c099683f458b64159ea75393caa124bbaa1b865b289aaa9937284e149425
tt100k,yolo11n,fp8,motion_blur,3,original-height,XL,0.48002179510765836,0.3407679296309686,0.13925386547668978,1275eeac930ae3cf817fe8fc5fe83947ba1e8e26ca2e0087618f537165dd88ef,6e30c099683f458b64159ea75393caa124bbaa1b865b289aaa9937284e149425
tt100k,yolo11n,int8-entropy,motion_blur,5,original-height,XS,0.025472545844810044,0.0,0.025472545844810044,027e6a4f0164d36649ac25be2e1a3f6df251524d3afdd0fe28fb9990c10284a4,aa8f0a6d36f9d51b3942d4d71ce172f323871753ee434c25ad4fced965a68daa
tt100k,yolo11n,int8-entropy,motion_blur,5,original-height,S,0.20699392117807652,0.0010614980786182334,0.20593242309945828,027e6a4f0164d36649ac25be2e1a3f6df251524d3afdd0fe28fb9990c10284a4,aa8f0a6d36f9d51b3942d4d71ce172f323871753ee434c25ad4fced965a68daa
tt100k,yolo11n,int8-entropy,motion_blur,5,original-height,L,0.4095558558425729,0.036164540467445584,0.3733913153751273,027e6a4f0164d36649ac25be2e1a3f6df251524d3afdd0fe28fb9990c10284a4,aa8f0a6d36f9d51b3942d4d71ce172f323871753ee434c25ad4fced965a68daa
tt100k,yolo11n,int8-entropy,motion_blur,5,original-height,XL,0.4678162028936088,0.10855134219510894,0.3592648606984999,027e6a4f0164d36649ac25be2e1a3f6df251524d3afdd0fe28fb9990c10284a4,aa8f0a6d36f9d51b3942d4d71ce172f323871753ee434c25ad4fced965a68daa
tt100k,yolo11n,fp8,motion_blur,5,original-height,XS,0.009457155132934105,0.0,0.009457155132934105,1275eeac930ae3cf817fe8fc5fe83947ba1e8e26ca2e0087618f537165dd88ef,593f09a26b99fe9e38526db7d4b70d5e694ebdc7c789fd766aa6995962e1e94b
tt100k,yolo11n,fp8,motion_blur,5,original-height,S,0.2017535806782996,0.0011273098862570501,0.20062627079204254,1275eeac930ae3cf817fe8fc5fe83947ba1e8e26ca2e0087618f537165dd88ef,593f09a26b99fe9e38526db7d4b70d5e694ebdc7c789fd766aa6995962e1e94b
tt100k,yolo11n,fp8,motion_blur,5,original-height,L,0.4041173538866544,0.05025099626228037,0.353866357624374,1275eeac930ae3cf817fe8fc5fe83947ba1e8e26ca2e0087618f537165dd88ef,593f09a26b99fe9e38526db7d4b70d5e694ebdc7c789fd766aa6995962e1e94b
tt100k,yolo11n,fp8,motion_blur,5,original-height,XL,0.48002179510765836,0.14284229271430404,0.3371795023933543,1275eeac930ae3cf817fe8fc5fe83947ba1e8e26ca2e0087618f537165dd88ef,593f09a26b99fe9e38526db7d4b70d5e694ebdc7c789fd766aa6995962e1e94b
tt100k,yolo11x,int8-entropy,fog,1,original-height,XS,0.14008838580811864,0.14904891107242593,-0.008960525264307295,effe415754d05f3fc275b56d7b23c2c19bebd6b3aa905325a8345729c102917f,6b9b1727b0a3440ea46a86436eef81abcea8a974a1a7040523f767bb75c7d43c
tt100k,yolo11x,int8-entropy,fog,1,original-height,S,0.45619189595373605,0.4602790655653775,-0.004087169611641461,effe415754d05f3fc275b56d7b23c2c19bebd6b3aa905325a8345729c102917f,6b9b1727b0a3440ea46a86436eef81abcea8a974a1a7040523f767bb75c7d43c
tt100k,yolo11x,int8-entropy,fog,1,original-height,L,0.6985385497555481,0.7015876499002925,-0.0030491001447444654,effe415754d05f3fc275b56d7b23c2c19bebd6b3aa905325a8345729c102917f,6b9b1727b0a3440ea46a86436eef81abcea8a974a1a7040523f767bb75c7d43c
tt100k,yolo11x,int8-entropy,fog,1,original-height,XL,0.7649113539944904,0.7632444829931325,0.0016668710013578725,effe415754d05f3fc275b56d7b23c2c19bebd6b3aa905325a8345729c102917f,6b9b1727b0a3440ea46a86436eef81abcea8a974a1a7040523f767bb75c7d43c
tt100k,yolo11x,fp8,fog,1,original-height,XS,0.15733481886360987,0.1250858980128782,0.032248920850731666,4f6984cb4d1670f659ad5d705e2137f2a9b31bbbad7668337e1392884467fce4,dcc3c11c4e8cd5df63a3b538a7a99e477641021c98e2b4c7c82ea8e36b7df326
tt100k,yolo11x,fp8,fog,1,original-height,S,0.4865227854055994,0.4884379442442736,-0.0019151588386742135,4f6984cb4d1670f659ad5d705e2137f2a9b31bbbad7668337e1392884467fce4,dcc3c11c4e8cd5df63a3b538a7a99e477641021c98e2b4c7c82ea8e36b7df326
tt100k,yolo11x,fp8,fog,1,original-height,L,0.6897386026964003,0.7031111469962313,-0.013372544299831035,4f6984cb4d1670f659ad5d705e2137f2a9b31bbbad7668337e1392884467fce4,dcc3c11c4e8cd5df63a3b538a7a99e477641021c98e2b4c7c82ea8e36b7df326
tt100k,yolo11x,fp8,fog,1,original-height,XL,0.7687215468962924,0.7745962635080479,-0.005874716611755537,4f6984cb4d1670f659ad5d705e2137f2a9b31bbbad7668337e1392884467fce4,dcc3c11c4e8cd5df63a3b538a7a99e477641021c98e2b4c7c82ea8e36b7df326
tt100k,yolo11x,int8-entropy,fog,3,original-height,XS,0.14008838580811864,0.09853646656682476,0.04155191924129388,effe415754d05f3fc275b56d7b23c2c19bebd6b3aa905325a8345729c102917f,53b6688d5e78e8c99fd42768d5116640a03b31ef93eab96d38d6a646f662da4c
tt100k,yolo11x,int8-entropy,fog,3,original-height,S,0.45619189595373605,0.44969499888489156,0.006496897068844487,effe415754d05f3fc275b56d7b23c2c19bebd6b3aa905325a8345729c102917f,53b6688d5e78e8c99fd42768d5116640a03b31ef93eab96d38d6a646f662da4c
tt100k,yolo11x,int8-entropy,fog,3,original-height,L,0.6985385497555481,0.6903336723992787,0.008204877356269402,effe415754d05f3fc275b56d7b23c2c19bebd6b3aa905325a8345729c102917f,53b6688d5e78e8c99fd42768d5116640a03b31ef93eab96d38d6a646f662da4c
tt100k,yolo11x,int8-entropy,fog,3,original-height,XL,0.7649113539944904,0.7570323098330419,0.007879044161448467,effe415754d05f3fc275b56d7b23c2c19bebd6b3aa905325a8345729c102917f,53b6688d5e78e8c99fd42768d5116640a03b31ef93eab96d38d6a646f662da4c
tt100k,yolo11x,fp8,fog,3,original-height,XS,0.15733481886360987,0.1385683345120226,0.01876648435158726,4f6984cb4d1670f659ad5d705e2137f2a9b31bbbad7668337e1392884467fce4,ca53cb3e26393e7b3ede68a5e9381fdab1b4ca86597e04715934a9ad10b316e7
tt100k,yolo11x,fp8,fog,3,original-height,S,0.4865227854055994,0.47747676828605146,0.009046017119547944,4f6984cb4d1670f659ad5d705e2137f2a9b31bbbad7668337e1392884467fce4,ca53cb3e26393e7b3ede68a5e9381fdab1b4ca86597e04715934a9ad10b316e7
tt100k,yolo11x,fp8,fog,3,original-height,L,0.6897386026964003,0.6894461876631851,0.0002924150332151987,4f6984cb4d1670f659ad5d705e2137f2a9b31bbbad7668337e1392884467fce4,ca53cb3e26393e7b3ede68a5e9381fdab1b4ca86597e04715934a9ad10b316e7
tt100k,yolo11x,fp8,fog,3,original-height,XL,0.7687215468962924,0.7842400835197979,-0.015518536623505552,4f6984cb4d1670f659ad5d705e2137f2a9b31bbbad7668337e1392884467fce4,ca53cb3e26393e7b3ede68a5e9381fdab1b4ca86597e04715934a9ad10b316e7
tt100k,yolo11x,int8-entropy,fog,5,original-height,XS,0.14008838580811864,0.12803637789335187,0.012052007914766766,effe415754d05f3fc275b56d7b23c2c19bebd6b3aa905325a8345729c102917f,d41d1a673bca438afacf26c0ca1b769af1b7bfc12083059796f45c64e1f73f1c
tt100k,yolo11x,int8-entropy,fog,5,original-height,S,0.45619189595373605,0.4472781223722202,0.00891377358151585,effe415754d05f3fc275b56d7b23c2c19bebd6b3aa905325a8345729c102917f,d41d1a673bca438afacf26c0ca1b769af1b7bfc12083059796f45c64e1f73f1c
tt100k,yolo11x,int8-entropy,fog,5,original-height,L,0.6985385497555481,0.6828586542075489,0.0156798955479992,effe415754d05f3fc275b56d7b23c2c19bebd6b3aa905325a8345729c102917f,d41d1a673bca438afacf26c0ca1b769af1b7bfc12083059796f45c64e1f73f1c
tt100k,yolo11x,int8-entropy,fog,5,original-height,XL,0.7649113539944904,0.7633241051490729,0.0015872488454174993,effe415754d05f3fc275b56d7b23c2c19bebd6b3aa905325a8345729c102917f,d41d1a673bca438afacf26c0ca1b769af1b7bfc12083059796f45c64e1f73f1c
tt100k,yolo11x,fp8,fog,5,original-height,XS,0.15733481886360987,0.11828120312031201,0.039053615743297854,4f6984cb4d1670f659ad5d705e2137f2a9b31bbbad7668337e1392884467fce4,fb5b8f5ab50f56a910579763bd8da016af8f824a6ec1340e3449a536b9e97065
tt100k,yolo11x,fp8,fog,5,original-height,S,0.4865227854055994,0.48668548679973417,-0.0001627013941347677,4f6984cb4d1670f659ad5d705e2137f2a9b31bbbad7668337e1392884467fce4,fb5b8f5ab50f56a910579763bd8da016af8f824a6ec1340e3449a536b9e97065
tt100k,yolo11x,fp8,fog,5,original-height,L,0.6897386026964003,0.6819993996740612,0.007739203022339103,4f6984cb4d1670f659ad5d705e2137f2a9b31bbbad7668337e1392884467fce4,fb5b8f5ab50f56a910579763bd8da016af8f824a6ec1340e3449a536b9e97065
tt100k,yolo11x,fp8,fog,5,original-height,XL,0.7687215468962924,0.7979872668353345,-0.029265719939042145,4f6984cb4d1670f659ad5d705e2137f2a9b31bbbad7668337e1392884467fce4,fb5b8f5ab50f56a910579763bd8da016af8f824a6ec1340e3449a536b9e97065
tt100k,yolo11x,int8-entropy,gaussian_noise,1,original-height,XS,0.14008838580811864,0.07857439040607357,0.061513995402045066,effe415754d05f3fc275b56d7b23c2c19bebd6b3aa905325a8345729c102917f,5bc1fad23cc4a40e65c556310da4a8d9d95c41abd205a08930c9c478d3e33884
tt100k,yolo11x,int8-entropy,gaussian_noise,1,original-height,S,0.45619189595373605,0.3877264300028776,0.06846546595085845,effe415754d05f3fc275b56d7b23c2c19bebd6b3aa905325a8345729c102917f,5bc1fad23cc4a40e65c556310da4a8d9d95c41abd205a08930c9c478d3e33884
tt100k,yolo11x,int8-entropy,gaussian_noise,1,original-height,L,0.6985385497555481,0.6550862159915555,0.0434523337639926,effe415754d05f3fc275b56d7b23c2c19bebd6b3aa905325a8345729c102917f,5bc1fad23cc4a40e65c556310da4a8d9d95c41abd205a08930c9c478d3e33884
tt100k,yolo11x,int8-entropy,gaussian_noise,1,original-height,XL,0.7649113539944904,0.6944058102888089,0.07050554370568152,effe415754d05f3fc275b56d7b23c2c19bebd6b3aa905325a8345729c102917f,5bc1fad23cc4a40e65c556310da4a8d9d95c41abd205a08930c9c478d3e33884
tt100k,yolo11x,fp8,gaussian_noise,1,original-height,XS,0.15733481886360987,0.06406473683082595,0.09327008203278392,4f6984cb4d1670f659ad5d705e2137f2a9b31bbbad7668337e1392884467fce4,72fc0a0145c47d8d68d754ae6793aef2bfe7840f66cec5798c009d66cd29af7b
tt100k,yolo11x,fp8,gaussian_noise,1,original-height,S,0.4865227854055994,0.43659130728247897,0.04993147812312043,4f6984cb4d1670f659ad5d705e2137f2a9b31bbbad7668337e1392884467fce4,72fc0a0145c47d8d68d754ae6793aef2bfe7840f66cec5798c009d66cd29af7b
tt100k,yolo11x,fp8,gaussian_noise,1,original-height,L,0.6897386026964003,0.6643117224225756,0.02542688027382467,4f6984cb4d1670f659ad5d705e2137f2a9b31bbbad7668337e1392884467fce4,72fc0a0145c47d8d68d754ae6793aef2bfe7840f66cec5798c009d66cd29af7b
tt100k,yolo11x,fp8,gaussian_noise,1,original-height,XL,0.7687215468962924,0.7140101231906378,0.054711423705654516,4f6984cb4d1670f659ad5d705e2137f2a9b31bbbad7668337e1392884467fce4,72fc0a0145c47d8d68d754ae6793aef2bfe7840f66cec5798c009d66cd29af7b
tt100k,yolo11x,int8-entropy,gaussian_noise,3,original-height,XS,0.14008838580811864,0.039307901378373124,0.10078048442974552,effe415754d05f3fc275b56d7b23c2c19bebd6b3aa905325a8345729c102917f,a9dc1218308503517e1f2f3ef84a9565b4812fc8717ecb4a7b4ef930f596fd3f
tt100k,yolo11x,int8-entropy,gaussian_noise,3,original-height,S,0.45619189595373605,0.2418285974653975,0.21436329848833854,effe415754d05f3fc275b56d7b23c2c19bebd6b3aa905325a8345729c102917f,a9dc1218308503517e1f2f3ef84a9565b4812fc8717ecb4a7b4ef930f596fd3f
tt100k,yolo11x,int8-entropy,gaussian_noise,3,original-height,L,0.6985385497555481,0.44290832356675874,0.25563022618878933,effe415754d05f3fc275b56d7b23c2c19bebd6b3aa905325a8345729c102917f,a9dc1218308503517e1f2f3ef84a9565b4812fc8717ecb4a7b4ef930f596fd3f
tt100k,yolo11x,int8-entropy,gaussian_noise,3,original-height,XL,0.7649113539944904,0.4197225035810267,0.3451888504134637,effe415754d05f3fc275b56d7b23c2c19bebd6b3aa905325a8345729c102917f,a9dc1218308503517e1f2f3ef84a9565b4812fc8717ecb4a7b4ef930f596fd3f
tt100k,yolo11x,fp8,gaussian_noise,3,original-height,XS,0.15733481886360987,0.029517326732673262,0.1278174921309366,4f6984cb4d1670f659ad5d705e2137f2a9b31bbbad7668337e1392884467fce4,4b21d3c125665d1593c13c4fbae38b58ec8ce807981d443a73176965fe672f78
tt100k,yolo11x,fp8,gaussian_noise,3,original-height,S,0.4865227854055994,0.2863297616881544,0.20019302371744502,4f6984cb4d1670f659ad5d705e2137f2a9b31bbbad7668337e1392884467fce4,4b21d3c125665d1593c13c4fbae38b58ec8ce807981d443a73176965fe672f78
tt100k,yolo11x,fp8,gaussian_noise,3,original-height,L,0.6897386026964003,0.4693627659593457,0.22037583673705463,4f6984cb4d1670f659ad5d705e2137f2a9b31bbbad7668337e1392884467fce4,4b21d3c125665d1593c13c4fbae38b58ec8ce807981d443a73176965fe672f78
tt100k,yolo11x,fp8,gaussian_noise,3,original-height,XL,0.7687215468962924,0.4400149032812404,0.328706643615052,4f6984cb4d1670f659ad5d705e2137f2a9b31bbbad7668337e1392884467fce4,4b21d3c125665d1593c13c4fbae38b58ec8ce807981d443a73176965fe672f78
tt100k,yolo11x,int8-entropy,gaussian_noise,5,original-height,XS,0.14008838580811864,0.0010332392352947666,0.13905514657282386,effe415754d05f3fc275b56d7b23c2c19bebd6b3aa905325a8345729c102917f,4a985f93c37bb3650460b1b68692dc10d9ccca62464a7174b4dd5524d8f0f828
tt100k,yolo11x,int8-entropy,gaussian_noise,5,original-height,S,0.45619189595373605,0.03539200007977851,0.42079989587395755,effe415754d05f3fc275b56d7b23c2c19bebd6b3aa905325a8345729c102917f,4a985f93c37bb3650460b1b68692dc10d9ccca62464a7174b4dd5524d8f0f828
tt100k,yolo11x,int8-entropy,gaussian_noise,5,original-height,L,0.6985385497555481,0.11538429314790732,0.5831542566076408,effe415754d05f3fc275b56d7b23c2c19bebd6b3aa905325a8345729c102917f,4a985f93c37bb3650460b1b68692dc10d9ccca62464a7174b4dd5524d8f0f828
tt100k,yolo11x,int8-entropy,gaussian_noise,5,original-height,XL,0.7649113539944904,0.12816415862028838,0.636747195374202,effe415754d05f3fc275b56d7b23c2c19bebd6b3aa905325a8345729c102917f,4a985f93c37bb3650460b1b68692dc10d9ccca62464a7174b4dd5524d8f0f828
tt100k,yolo11x,fp8,gaussian_noise,5,original-height,XS,0.15733481886360987,0.0018958764008268952,0.15543894246278298,4f6984cb4d1670f659ad5d705e2137f2a9b31bbbad7668337e1392884467fce4,10a0ad3e2abaa8fa7d774ca3d960df795783f6e12715f57c9e8572310899ae23
tt100k,yolo11x,fp8,gaussian_noise,5,original-height,S,0.4865227854055994,0.03735767713714738,0.449165108268452,4f6984cb4d1670f659ad5d705e2137f2a9b31bbbad7668337e1392884467fce4,10a0ad3e2abaa8fa7d774ca3d960df795783f6e12715f57c9e8572310899ae23
tt100k,yolo11x,fp8,gaussian_noise,5,original-height,L,0.6897386026964003,0.12465253781761608,0.5650860648787842,4f6984cb4d1670f659ad5d705e2137f2a9b31bbbad7668337e1392884467fce4,10a0ad3e2abaa8fa7d774ca3d960df795783f6e12715f57c9e8572310899ae23
tt100k,yolo11x,fp8,gaussian_noise,5,original-height,XL,0.7687215468962924,0.13137079351637987,0.6373507533799125,4f6984cb4d1670f659ad5d705e2137f2a9b31bbbad7668337e1392884467fce4,10a0ad3e2abaa8fa7d774ca3d960df795783f6e12715f57c9e8572310899ae23
tt100k,yolo11x,int8-entropy,jpeg,1,original-height,XS,0.14008838580811864,0.1867162622855692,-0.046627876477450564,effe415754d05f3fc275b56d7b23c2c19bebd6b3aa905325a8345729c102917f,bdd53440c7c88627923c52ea63fa0de6a455b1256505a5fc7a8466bf367110fc
tt100k,yolo11x,int8-entropy,jpeg,1,original-height,S,0.45619189595373605,0.4646533173173283,-0.008461421363592236,effe415754d05f3fc275b56d7b23c2c19bebd6b3aa905325a8345729c102917f,bdd53440c7c88627923c52ea63fa0de6a455b1256505a5fc7a8466bf367110fc
tt100k,yolo11x,int8-entropy,jpeg,1,original-height,L,0.6985385497555481,0.6815989867889523,0.016939562966595823,effe415754d05f3fc275b56d7b23c2c19bebd6b3aa905325a8345729c102917f,bdd53440c7c88627923c52ea63fa0de6a455b1256505a5fc7a8466bf367110fc
tt100k,yolo11x,int8-entropy,jpeg,1,original-height,XL,0.7649113539944904,0.7599492642413853,0.004962089753105081,effe415754d05f3fc275b56d7b23c2c19bebd6b3aa905325a8345729c102917f,bdd53440c7c88627923c52ea63fa0de6a455b1256505a5fc7a8466bf367110fc
tt100k,yolo11x,fp8,jpeg,1,original-height,XS,0.15733481886360987,0.17542071274435134,-0.01808589388074147,4f6984cb4d1670f659ad5d705e2137f2a9b31bbbad7668337e1392884467fce4,15e00b200ad54c3bad58427520ae04977c5aba5262a234b273c07d3c2f13912e
tt100k,yolo11x,fp8,jpeg,1,original-height,S,0.4865227854055994,0.4761455485282483,0.010377236877351093,4f6984cb4d1670f659ad5d705e2137f2a9b31bbbad7668337e1392884467fce4,15e00b200ad54c3bad58427520ae04977c5aba5262a234b273c07d3c2f13912e
tt100k,yolo11x,fp8,jpeg,1,original-height,L,0.6897386026964003,0.6900829805966813,-0.0003443779002809677,4f6984cb4d1670f659ad5d705e2137f2a9b31bbbad7668337e1392884467fce4,15e00b200ad54c3bad58427520ae04977c5aba5262a234b273c07d3c2f13912e
tt100k,yolo11x,fp8,jpeg,1,original-height,XL,0.7687215468962924,0.7775066250459082,-0.008785078149615821,4f6984cb4d1670f659ad5d705e2137f2a9b31bbbad7668337e1392884467fce4,15e00b200ad54c3bad58427520ae04977c5aba5262a234b273c07d3c2f13912e
tt100k,yolo11x,int8-entropy,jpeg,3,original-height,XS,0.14008838580811864,0.10775590308000578,0.03233248272811286,effe415754d05f3fc275b56d7b23c2c19bebd6b3aa905325a8345729c102917f,6ef97037c90ae55d452c9ee2080cba78326c66e6307c784b5b21bf63be67a4d4
tt100k,yolo11x,int8-entropy,jpeg,3,original-height,S,0.45619189595373605,0.43107655275562956,0.025115343198106488,effe415754d05f3fc275b56d7b23c2c19bebd6b3aa905325a8345729c102917f,6ef97037c90ae55d452c9ee2080cba78326c66e6307c784b5b21bf63be67a4d4
tt100k,yolo11x,int8-entropy,jpeg,3,original-height,L,0.6985385497555481,0.6831925123186992,0.015346037436848925,effe415754d05f3fc275b56d7b23c2c19bebd6b3aa905325a8345729c102917f,6ef97037c90ae55d452c9ee2080cba78326c66e6307c784b5b21bf63be67a4d4
tt100k,yolo11x,int8-entropy,jpeg,3,original-height,XL,0.7649113539944904,0.7372837233191036,0.02762763067538676,effe415754d05f3fc275b56d7b23c2c19bebd6b3aa905325a8345729c102917f,6ef97037c90ae55d452c9ee2080cba78326c66e6307c784b5b21bf63be67a4d4
tt100k,yolo11x,fp8,jpeg,3,original-height,XS,0.15733481886360987,0.1380436704384724,0.01929114842513746,4f6984cb4d1670f659ad5d705e2137f2a9b31bbbad7668337e1392884467fce4,6a0d7e99a14383be12d9ef530bf6263f2cac03b93a91507bb027e15227171b46
tt100k,yolo11x,fp8,jpeg,3,original-height,S,0.4865227854055994,0.45438510096417095,0.03213768444142845,4f6984cb4d1670f659ad5d705e2137f2a9b31bbbad7668337e1392884467fce4,6a0d7e99a14383be12d9ef530bf6263f2cac03b93a91507bb027e15227171b46
tt100k,yolo11x,fp8,jpeg,3,original-height,L,0.6897386026964003,0.6813003456659615,0.008438257030438767,4f6984cb4d1670f659ad5d705e2137f2a9b31bbbad7668337e1392884467fce4,6a0d7e99a14383be12d9ef530bf6263f2cac03b93a91507bb027e15227171b46
tt100k,yolo11x,fp8,jpeg,3,original-height,XL,0.7687215468962924,0.7601292496900128,0.00859229720627952,4f6984cb4d1670f659ad5d705e2137f2a9b31bbbad7668337e1392884467fce4,6a0d7e99a14383be12d9ef530bf6263f2cac03b93a91507bb027e15227171b46
tt100k,yolo11x,int8-entropy,jpeg,5,original-height,XS,0.14008838580811864,0.08047120079181382,0.05961718501630482,effe415754d05f3fc275b56d7b23c2c19bebd6b3aa905325a8345729c102917f,9015930efb33603692b5bcb1201d8955dfd3c3cc1386ab65e734875f9d00fba8
tt100k,yolo11x,int8-entropy,jpeg,5,original-height,S,0.45619189595373605,0.34306815382045813,0.11312374213327792,effe415754d05f3fc275b56d7b23c2c19bebd6b3aa905325a8345729c102917f,9015930efb33603692b5bcb1201d8955dfd3c3cc1386ab65e734875f9d00fba8
tt100k,yolo11x,int8-entropy,jpeg,5,original-height,L,0.6985385497555481,0.6158769566210301,0.08266159313451793,effe415754d05f3fc275b56d7b23c2c19bebd6b3aa905325a8345729c102917f,9015930efb33603692b5bcb1201d8955dfd3c3cc1386ab65e734875f9d00fba8
tt100k,yolo11x,int8-entropy,jpeg,5,original-height,XL,0.7649113539944904,0.6895444424676842,0.07536691152680619,effe415754d05f3fc275b56d7b23c2c19bebd6b3aa905325a8345729c102917f,9015930efb33603692b5bcb1201d8955dfd3c3cc1386ab65e734875f9d00fba8
tt100k,yolo11x,fp8,jpeg,5,original-height,XS,0.15733481886360987,0.08031994001966312,0.07701487884394674,4f6984cb4d1670f659ad5d705e2137f2a9b31bbbad7668337e1392884467fce4,2da1e190f85c8e528c2e1f246163ea5b1fd185457b1f3cd5c07bd1c9005a7022
tt100k,yolo11x,fp8,jpeg,5,original-height,S,0.4865227854055994,0.3625651575903203,0.12395762781527908,4f6984cb4d1670f659ad5d705e2137f2a9b31bbbad7668337e1392884467fce4,2da1e190f85c8e528c2e1f246163ea5b1fd185457b1f3cd5c07bd1c9005a7022
tt100k,yolo11x,fp8,jpeg,5,original-height,L,0.6897386026964003,0.6168849395096565,0.0728536631867438,4f6984cb4d1670f659ad5d705e2137f2a9b31bbbad7668337e1392884467fce4,2da1e190f85c8e528c2e1f246163ea5b1fd185457b1f3cd5c07bd1c9005a7022
tt100k,yolo11x,fp8,jpeg,5,original-height,XL,0.7687215468962924,0.6848768212672008,0.08384472562909151,4f6984cb4d1670f659ad5d705e2137f2a9b31bbbad7668337e1392884467fce4,2da1e190f85c8e528c2e1f246163ea5b1fd185457b1f3cd5c07bd1c9005a7022
tt100k,yolo11x,int8-entropy,motion_blur,1,original-height,XS,0.14008838580811864,0.0917055634134842,0.04838282239463444,effe415754d05f3fc275b56d7b23c2c19bebd6b3aa905325a8345729c102917f,b0f7d36f95b16df4c2636177686d24c744113a290c19bef382ebdb09ffd0e82b
tt100k,yolo11x,int8-entropy,motion_blur,1,original-height,S,0.45619189595373605,0.4007858441690737,0.05540605178466235,effe415754d05f3fc275b56d7b23c2c19bebd6b3aa905325a8345729c102917f,b0f7d36f95b16df4c2636177686d24c744113a290c19bef382ebdb09ffd0e82b
tt100k,yolo11x,int8-entropy,motion_blur,1,original-height,L,0.6985385497555481,0.67494517727,0.023593372485548048,effe415754d05f3fc275b56d7b23c2c19bebd6b3aa905325a8345729c102917f,b0f7d36f95b16df4c2636177686d24c744113a290c19bef382ebdb09ffd0e82b
tt100k,yolo11x,int8-entropy,motion_blur,1,original-height,XL,0.7649113539944904,0.7409453289627638,0.023966025031726623,effe415754d05f3fc275b56d7b23c2c19bebd6b3aa905325a8345729c102917f,b0f7d36f95b16df4c2636177686d24c744113a290c19bef382ebdb09ffd0e82b
tt100k,yolo11x,fp8,motion_blur,1,original-height,XS,0.15733481886360987,0.11785272277227722,0.039482096091332644,4f6984cb4d1670f659ad5d705e2137f2a9b31bbbad7668337e1392884467fce4,9fa95e460084ee628659f97e7ce06356a93bcde9c88a4c8bfa06ac4f0f0b361c
tt100k,yolo11x,fp8,motion_blur,1,original-height,S,0.4865227854055994,0.41022569138105125,0.07629709402454815,4f6984cb4d1670f659ad5d705e2137f2a9b31bbbad7668337e1392884467fce4,9fa95e460084ee628659f97e7ce06356a93bcde9c88a4c8bfa06ac4f0f0b361c
tt100k,yolo11x,fp8,motion_blur,1,original-height,L,0.6897386026964003,0.681925332346528,0.007813270349872337,4f6984cb4d1670f659ad5d705e2137f2a9b31bbbad7668337e1392884467fce4,9fa95e460084ee628659f97e7ce06356a93bcde9c88a4c8bfa06ac4f0f0b361c
tt100k,yolo11x,fp8,motion_blur,1,original-height,XL,0.7687215468962924,0.7552306684203668,0.01349087847592556,4f6984cb4d1670f659ad5d705e2137f2a9b31bbbad7668337e1392884467fce4,9fa95e460084ee628659f97e7ce06356a93bcde9c88a4c8bfa06ac4f0f0b361c
tt100k,yolo11x,int8-entropy,motion_blur,3,original-height,XS,0.14008838580811864,0.0,0.14008838580811864,effe415754d05f3fc275b56d7b23c2c19bebd6b3aa905325a8345729c102917f,ecf24a80af1f2de7af624006f16f5f8ddab1e71b206fd036384f9fcccc7a95d5
tt100k,yolo11x,int8-entropy,motion_blur,3,original-height,S,0.45619189595373605,0.019121006468412888,0.43707088948532313,effe415754d05f3fc275b56d7b23c2c19bebd6b3aa905325a8345729c102917f,ecf24a80af1f2de7af624006f16f5f8ddab1e71b206fd036384f9fcccc7a95d5
tt100k,yolo11x,int8-entropy,motion_blur,3,original-height,L,0.6985385497555481,0.3172178391191432,0.3813207106364049,effe415754d05f3fc275b56d7b23c2c19bebd6b3aa905325a8345729c102917f,ecf24a80af1f2de7af624006f16f5f8ddab1e71b206fd036384f9fcccc7a95d5
tt100k,yolo11x,int8-entropy,motion_blur,3,original-height,XL,0.7649113539944904,0.5790704517980177,0.18584090219647265,effe415754d05f3fc275b56d7b23c2c19bebd6b3aa905325a8345729c102917f,ecf24a80af1f2de7af624006f16f5f8ddab1e71b206fd036384f9fcccc7a95d5
tt100k,yolo11x,fp8,motion_blur,3,original-height,XS,0.15733481886360987,0.0,0.15733481886360987,4f6984cb4d1670f659ad5d705e2137f2a9b31bbbad7668337e1392884467fce4,37ca936d04fa84641b9b55d8994135d85d243fdd1d1cd26e23f92aec6b201e7f
tt100k,yolo11x,fp8,motion_blur,3,original-height,S,0.4865227854055994,0.02257873061709469,0.4639440547885047,4f6984cb4d1670f659ad5d705e2137f2a9b31bbbad7668337e1392884467fce4,37ca936d04fa84641b9b55d8994135d85d243fdd1d1cd26e23f92aec6b201e7f
tt100k,yolo11x,fp8,motion_blur,3,original-height,L,0.6897386026964003,0.3163565945461709,0.3733820081502294,4f6984cb4d1670f659ad5d705e2137f2a9b31bbbad7668337e1392884467fce4,37ca936d04fa84641b9b55d8994135d85d243fdd1d1cd26e23f92aec6b201e7f
tt100k,yolo11x,fp8,motion_blur,3,original-height,XL,0.7687215468962924,0.5795282823287801,0.1891932645675123,4f6984cb4d1670f659ad5d705e2137f2a9b31bbbad7668337e1392884467fce4,37ca936d04fa84641b9b55d8994135d85d243fdd1d1cd26e23f92aec6b201e7f
tt100k,yolo11x,int8-entropy,motion_blur,5,original-height,XS,0.14008838580811864,0.0,0.14008838580811864,effe415754d05f3fc275b56d7b23c2c19bebd6b3aa905325a8345729c102917f,588c8d5066143a73801757f2dc44ca8102fb82b2bcd6ea91642f07e991388591
tt100k,yolo11x,int8-entropy,motion_blur,5,original-height,S,0.45619189595373605,0.00043680838672102495,0.45575508756701505,effe415754d05f3fc275b56d7b23c2c19bebd6b3aa905325a8345729c102917f,588c8d5066143a73801757f2dc44ca8102fb82b2bcd6ea91642f07e991388591
tt100k,yolo11x,int8-entropy,motion_blur,5,original-height,L,0.6985385497555481,0.051280331328071714,0.6472582184274763,effe415754d05f3fc275b56d7b23c2c19bebd6b3aa905325a8345729c102917f,588c8d5066143a73801757f2dc44ca8102fb82b2bcd6ea91642f07e991388591
tt100k,yolo11x,int8-entropy,motion_blur,5,original-height,XL,0.7649113539944904,0.3175624287493192,0.44734892524517117,effe415754d05f3fc275b56d7b23c2c19bebd6b3aa905325a8345729c102917f,588c8d5066143a73801757f2dc44ca8102fb82b2bcd6ea91642f07e991388591
tt100k,yolo11x,fp8,motion_blur,5,original-height,XS,0.15733481886360987,0.0,0.15733481886360987,4f6984cb4d1670f659ad5d705e2137f2a9b31bbbad7668337e1392884467fce4,155a077d6d801df558204440c5981c077322816464207abcc60876e320348007
tt100k,yolo11x,fp8,motion_blur,5,original-height,S,0.4865227854055994,0.00017472335468841002,0.48634806205091097,4f6984cb4d1670f659ad5d705e2137f2a9b31bbbad7668337e1392884467fce4,155a077d6d801df558204440c5981c077322816464207abcc60876e320348007
tt100k,yolo11x,fp8,motion_blur,5,original-height,L,0.6897386026964003,0.05420262144749352,0.6355359812489068,4f6984cb4d1670f659ad5d705e2137f2a9b31bbbad7668337e1392884467fce4,155a077d6d801df558204440c5981c077322816464207abcc60876e320348007
tt100k,yolo11x,fp8,motion_blur,5,original-height,XL,0.7687215468962924,0.3034988501987136,0.46522269669757876,4f6984cb4d1670f659ad5d705e2137f2a9b31bbbad7668337e1392884467fce4,155a077d6d801df558204440c5981c077322816464207abcc60876e320348007
voc,yolo11m,int8-entropy,fog,1,coco-area,small,0.3117326578524323,0.3176463034183176,-0.005913645565885306,9a9c6034b9de581d97df1fbcbe5394a1e242fbc4819191fb06e5836cffde3545,ca800353a95b5e8fe319dde2e35e98025bb95ac1f0d0e3cbb60fd8335a9d0540
voc,yolo11m,int8-entropy,fog,1,coco-area,large,0.7315764417963004,0.7245742282594165,0.007002213536883906,9a9c6034b9de581d97df1fbcbe5394a1e242fbc4819191fb06e5836cffde3545,ca800353a95b5e8fe319dde2e35e98025bb95ac1f0d0e3cbb60fd8335a9d0540
voc,yolo11m,fp8,fog,1,coco-area,small,0.31572389832345743,0.3241651831955174,-0.008441284872059973,01b9e4b704f2b64a182dac89cd807d81ce7f9f257814e3727066c71d4926a537,d42fd774fba87dd09d65e027a21308d22b59f185b2c0e28f837afb77ec31101d
voc,yolo11m,fp8,fog,1,coco-area,large,0.7430447658275598,0.7370943878728735,0.005950377954686337,01b9e4b704f2b64a182dac89cd807d81ce7f9f257814e3727066c71d4926a537,d42fd774fba87dd09d65e027a21308d22b59f185b2c0e28f837afb77ec31101d
voc,yolo11m,int8-entropy,fog,3,coco-area,small,0.3117326578524323,0.31119415012946466,0.0005385077229676516,9a9c6034b9de581d97df1fbcbe5394a1e242fbc4819191fb06e5836cffde3545,8d889243a97811d9101208703ecffcc24709397e44e1b786f2cd978d663846c9
voc,yolo11m,int8-entropy,fog,3,coco-area,large,0.7315764417963004,0.7188450956829034,0.01273134611339699,9a9c6034b9de581d97df1fbcbe5394a1e242fbc4819191fb06e5836cffde3545,8d889243a97811d9101208703ecffcc24709397e44e1b786f2cd978d663846c9
voc,yolo11m,fp8,fog,3,coco-area,small,0.31572389832345743,0.2951935986716058,0.020530299651851658,01b9e4b704f2b64a182dac89cd807d81ce7f9f257814e3727066c71d4926a537,727ab95530ed2bc3936b964fde7603fffe816cd12b31a942fdeef11fafd66b82
voc,yolo11m,fp8,fog,3,coco-area,large,0.7430447658275598,0.7287713240492469,0.014273441778312912,01b9e4b704f2b64a182dac89cd807d81ce7f9f257814e3727066c71d4926a537,727ab95530ed2bc3936b964fde7603fffe816cd12b31a942fdeef11fafd66b82
voc,yolo11m,int8-entropy,fog,5,coco-area,small,0.3117326578524323,0.3120455688896168,-0.0003129110371845045,9a9c6034b9de581d97df1fbcbe5394a1e242fbc4819191fb06e5836cffde3545,fb91cb67f019db40b11f8ce35e28f46ac0bf71f567440b557e0eacceca3a1b1d
voc,yolo11m,int8-entropy,fog,5,coco-area,large,0.7315764417963004,0.7094116419496455,0.02216479984665498,9a9c6034b9de581d97df1fbcbe5394a1e242fbc4819191fb06e5836cffde3545,fb91cb67f019db40b11f8ce35e28f46ac0bf71f567440b557e0eacceca3a1b1d
voc,yolo11m,fp8,fog,5,coco-area,small,0.31572389832345743,0.31798615914533984,-0.0022622608218824114,01b9e4b704f2b64a182dac89cd807d81ce7f9f257814e3727066c71d4926a537,d1905ae62f021001b31c8080ac5ab893ccc6822e2206080495d781384b27e178
voc,yolo11m,fp8,fog,5,coco-area,large,0.7430447658275598,0.7191015671487004,0.023943198678859412,01b9e4b704f2b64a182dac89cd807d81ce7f9f257814e3727066c71d4926a537,d1905ae62f021001b31c8080ac5ab893ccc6822e2206080495d781384b27e178
voc,yolo11m,int8-entropy,gaussian_noise,1,coco-area,small,0.3117326578524323,0.2987744292271248,0.012958228625307489,9a9c6034b9de581d97df1fbcbe5394a1e242fbc4819191fb06e5836cffde3545,f7ac32f81c0d6e75dc8d1c6e72290195c66ca1e4867e9b9c9dfd8b441d19ad1a
voc,yolo11m,int8-entropy,gaussian_noise,1,coco-area,large,0.7315764417963004,0.7055621461439593,0.026014295652341146,9a9c6034b9de581d97df1fbcbe5394a1e242fbc4819191fb06e5836cffde3545,f7ac32f81c0d6e75dc8d1c6e72290195c66ca1e4867e9b9c9dfd8b441d19ad1a
voc,yolo11m,fp8,gaussian_noise,1,coco-area,small,0.31572389832345743,0.3164135612576835,-0.0006896629342260652,01b9e4b704f2b64a182dac89cd807d81ce7f9f257814e3727066c71d4926a537,ab12ccda9d1bfa1a916babf57a3c06050371a4130359bb011dfd12f9471836f3
voc,yolo11m,fp8,gaussian_noise,1,coco-area,large,0.7430447658275598,0.718745638762013,0.02429912706554682,01b9e4b704f2b64a182dac89cd807d81ce7f9f257814e3727066c71d4926a537,ab12ccda9d1bfa1a916babf57a3c06050371a4130359bb011dfd12f9471836f3
voc,yolo11m,int8-entropy,gaussian_noise,3,coco-area,small,0.3117326578524323,0.24784983322026669,0.06388282463216563,9a9c6034b9de581d97df1fbcbe5394a1e242fbc4819191fb06e5836cffde3545,4d56c4fb40319ca6e512daa334cbf838fff138324404102e2087331781c2600a
voc,yolo11m,int8-entropy,gaussian_noise,3,coco-area,large,0.7315764417963004,0.5979722436434222,0.13360419815287827,9a9c6034b9de581d97df1fbcbe5394a1e242fbc4819191fb06e5836cffde3545,4d56c4fb40319ca6e512daa334cbf838fff138324404102e2087331781c2600a
voc,yolo11m,fp8,gaussian_noise,3,coco-area,small,0.31572389832345743,0.2668979183308511,0.04882597999260635,01b9e4b704f2b64a182dac89cd807d81ce7f9f257814e3727066c71d4926a537,bc1f112622be724e34b68c0569664cc4084938bca3e3dd71072f71a2fa6d9bc6
voc,yolo11m,fp8,gaussian_noise,3,coco-area,large,0.7430447658275598,0.6104684872515954,0.13257627857596443,01b9e4b704f2b64a182dac89cd807d81ce7f9f257814e3727066c71d4926a537,bc1f112622be724e34b68c0569664cc4084938bca3e3dd71072f71a2fa6d9bc6
voc,yolo11m,int8-entropy,gaussian_noise,5,coco-area,small,0.3117326578524323,0.12567744891178287,0.18605520894064945,9a9c6034b9de581d97df1fbcbe5394a1e242fbc4819191fb06e5836cffde3545,96dc53f17ec44864aad8771f953713e301db28f3f5d51183637c3ab820e93c2b
voc,yolo11m,int8-entropy,gaussian_noise,5,coco-area,large,0.7315764417963004,0.3609325781004971,0.3706438636958033,9a9c6034b9de581d97df1fbcbe5394a1e242fbc4819191fb06e5836cffde3545,96dc53f17ec44864aad8771f953713e301db28f3f5d51183637c3ab820e93c2b
voc,yolo11m,fp8,gaussian_noise,5,coco-area,small,0.31572389832345743,0.13328679298015025,0.18243710534330718,01b9e4b704f2b64a182dac89cd807d81ce7f9f257814e3727066c71d4926a537,379d6c857fb3a39596712e7a96e13f793c7875d4b3bedddd380ae8bd45c601a6
voc,yolo11m,fp8,gaussian_noise,5,coco-area,large,0.7430447658275598,0.3652332892231904,0.3778114766043694,01b9e4b704f2b64a182dac89cd807d81ce7f9f257814e3727066c71d4926a537,379d6c857fb3a39596712e7a96e13f793c7875d4b3bedddd380ae8bd45c601a6
voc,yolo11m,int8-entropy,jpeg,1,coco-area,small,0.3117326578524323,0.2961683461982283,0.015564311654204022,9a9c6034b9de581d97df1fbcbe5394a1e242fbc4819191fb06e5836cffde3545,2b86e097659b08b48da379619cf426605647f8d63db67dcabc45b13570e0ff51
voc,yolo11m,int8-entropy,jpeg,1,coco-area,large,0.7315764417963004,0.7204009768876415,0.01117546490865895,9a9c6034b9de581d97df1fbcbe5394a1e242fbc4819191fb06e5836cffde3545,2b86e097659b08b48da379619cf426605647f8d63db67dcabc45b13570e0ff51
voc,yolo11m,fp8,jpeg,1,coco-area,small,0.31572389832345743,0.29468737424424235,0.02103652407921508,01b9e4b704f2b64a182dac89cd807d81ce7f9f257814e3727066c71d4926a537,a3d197afddfae85e031c79882c74dbc9988f7c0509f59f3064b7fc80ffbe861d
voc,yolo11m,fp8,jpeg,1,coco-area,large,0.7430447658275598,0.7314910288059111,0.011553737021648747,01b9e4b704f2b64a182dac89cd807d81ce7f9f257814e3727066c71d4926a537,a3d197afddfae85e031c79882c74dbc9988f7c0509f59f3064b7fc80ffbe861d
voc,yolo11m,int8-entropy,jpeg,3,coco-area,small,0.3117326578524323,0.2503826343516347,0.0613500235007976,9a9c6034b9de581d97df1fbcbe5394a1e242fbc4819191fb06e5836cffde3545,3bf59bc5714d305412507043b9073b58c47d9a423e95c0b5c00704c6312c6c07
voc,yolo11m,int8-entropy,jpeg,3,coco-area,large,0.7315764417963004,0.7047087024529521,0.026867739343348296,9a9c6034b9de581d97df1fbcbe5394a1e242fbc4819191fb06e5836cffde3545,3bf59bc5714d305412507043b9073b58c47d9a423e95c0b5c00704c6312c6c07
voc,yolo11m,fp8,jpeg,3,coco-area,small,0.31572389832345743,0.25668111826825857,0.05904278005519886,01b9e4b704f2b64a182dac89cd807d81ce7f9f257814e3727066c71d4926a537,2c56efae2c32a14593a3915eb621520354eff4a4109d564690a206aba61ec443
voc,yolo11m,fp8,jpeg,3,coco-area,large,0.7430447658275598,0.7093800101788953,0.03366475564866456,01b9e4b704f2b64a182dac89cd807d81ce7f9f257814e3727066c71d4926a537,2c56efae2c32a14593a3915eb621520354eff4a4109d564690a206aba61ec443
voc,yolo11m,int8-entropy,jpeg,5,coco-area,small,0.3117326578524323,0.18304531552458128,0.12868734232785103,9a9c6034b9de581d97df1fbcbe5394a1e242fbc4819191fb06e5836cffde3545,342da2f79648d6b2b5de01302246fe74d61f913a3effeacc4040c44d14ed8dc8
voc,yolo11m,int8-entropy,jpeg,5,coco-area,large,0.7315764417963004,0.5111235685519129,0.22045287324438756,9a9c6034b9de581d97df1fbcbe5394a1e242fbc4819191fb06e5836cffde3545,342da2f79648d6b2b5de01302246fe74d61f913a3effeacc4040c44d14ed8dc8
voc,yolo11m,fp8,jpeg,5,coco-area,small,0.31572389832345743,0.17314453323052964,0.1425793650929278,01b9e4b704f2b64a182dac89cd807d81ce7f9f257814e3727066c71d4926a537,0c84768dab3b0ab2a617276a5faf3c422bd5994474633a87801386c1992bc2b8
voc,yolo11m,fp8,jpeg,5,coco-area,large,0.7430447658275598,0.4975011136170382,0.24554365221052166,01b9e4b704f2b64a182dac89cd807d81ce7f9f257814e3727066c71d4926a537,0c84768dab3b0ab2a617276a5faf3c422bd5994474633a87801386c1992bc2b8
voc,yolo11m,int8-entropy,motion_blur,1,coco-area,small,0.3117326578524323,0.15402681174556687,0.15770584610686544,9a9c6034b9de581d97df1fbcbe5394a1e242fbc4819191fb06e5836cffde3545,aebfa7374a726abee0677927f4073b84d21bae79d19c4773a4145b3d36618965
voc,yolo11m,int8-entropy,motion_blur,1,coco-area,large,0.7315764417963004,0.6635662011496295,0.06801024064667094,9a9c6034b9de581d97df1fbcbe5394a1e242fbc4819191fb06e5836cffde3545,aebfa7374a726abee0677927f4073b84d21bae79d19c4773a4145b3d36618965
voc,yolo11m,fp8,motion_blur,1,coco-area,small,0.31572389832345743,0.1677525425018647,0.14797135582159274,01b9e4b704f2b64a182dac89cd807d81ce7f9f257814e3727066c71d4926a537,97f5d0c82b0759013173ef3f3d8d2e6ea05092d21059acfcfd55b3bf0602dcba
voc,yolo11m,fp8,motion_blur,1,coco-area,large,0.7430447658275598,0.6771301562869836,0.06591460954057626,01b9e4b704f2b64a182dac89cd807d81ce7f9f257814e3727066c71d4926a537,97f5d0c82b0759013173ef3f3d8d2e6ea05092d21059acfcfd55b3bf0602dcba
voc,yolo11m,int8-entropy,motion_blur,3,coco-area,small,0.3117326578524323,0.00885632607769951,0.30287633177473283,9a9c6034b9de581d97df1fbcbe5394a1e242fbc4819191fb06e5836cffde3545,47085cbd3eb1d16a88a6c5ddec8051ab6cd617cd2c746bf97d157bcc893c3c4d
voc,yolo11m,int8-entropy,motion_blur,3,coco-area,large,0.7315764417963004,0.2986785106812589,0.43289793111504155,9a9c6034b9de581d97df1fbcbe5394a1e242fbc4819191fb06e5836cffde3545,47085cbd3eb1d16a88a6c5ddec8051ab6cd617cd2c746bf97d157bcc893c3c4d
voc,yolo11m,fp8,motion_blur,3,coco-area,small,0.31572389832345743,0.011215451802740136,0.3045084465207173,01b9e4b704f2b64a182dac89cd807d81ce7f9f257814e3727066c71d4926a537,5fd30bb5f3909d2bf6c6a32cac2f825e379cf775452666339745ec207f743c51
voc,yolo11m,fp8,motion_blur,3,coco-area,large,0.7430447658275598,0.31513291402600485,0.427911851801555,01b9e4b704f2b64a182dac89cd807d81ce7f9f257814e3727066c71d4926a537,5fd30bb5f3909d2bf6c6a32cac2f825e379cf775452666339745ec207f743c51
voc,yolo11m,int8-entropy,motion_blur,5,coco-area,small,0.3117326578524323,0.0007621297844070122,0.3109705280680253,9a9c6034b9de581d97df1fbcbe5394a1e242fbc4819191fb06e5836cffde3545,0c48b27483c53d653580331514daeeff90d9ff7508d99c73482832b1a7035cf9
voc,yolo11m,int8-entropy,motion_blur,5,coco-area,large,0.7315764417963004,0.08082966150451275,0.6507467802917877,9a9c6034b9de581d97df1fbcbe5394a1e242fbc4819191fb06e5836cffde3545,0c48b27483c53d653580331514daeeff90d9ff7508d99c73482832b1a7035cf9
voc,yolo11m,fp8,motion_blur,5,coco-area,small,0.31572389832345743,0.0008032420889147738,0.3149206562345427,01b9e4b704f2b64a182dac89cd807d81ce7f9f257814e3727066c71d4926a537,0c19cb58f40fe5851d6415b64f652369bebcf105e21c101f689c6f67089c7ea9
voc,yolo11m,fp8,motion_blur,5,coco-area,large,0.7430447658275598,0.09003655114920303,0.6530082146783568,01b9e4b704f2b64a182dac89cd807d81ce7f9f257814e3727066c71d4926a537,0c19cb58f40fe5851d6415b64f652369bebcf105e21c101f689c6f67089c7ea9
voc,yolo11n,int8-entropy,fog,1,coco-area,small,0.23203203201048553,0.219898835162539,0.012133196847946531,9775e43c09e3d18c0ef55bc72d79464bb73c2d3307dd18b7f0a87068965d100f,dbfa42470e8ecf4cc3d9e49c31f4782ba611b1956c816a4bdf79d565d21b15d1
voc,yolo11n,int8-entropy,fog,1,coco-area,large,0.6779017453103144,0.6714533209685172,0.006448424341797265,9775e43c09e3d18c0ef55bc72d79464bb73c2d3307dd18b7f0a87068965d100f,dbfa42470e8ecf4cc3d9e49c31f4782ba611b1956c816a4bdf79d565d21b15d1
voc,yolo11n,fp8,fog,1,coco-area,small,0.21214317714139805,0.21151876007617482,0.0006244170652232317,c1fadbd074ceb9c3035251c1d76ab1839ddaec8a6f263e8063c58a43391d9181,a42ddfa0f164494a181492a12c729f38919264d575df71a291cdd7720dd30597
voc,yolo11n,fp8,fog,1,coco-area,large,0.6868345274383455,0.6798714892379171,0.006963038200428429,c1fadbd074ceb9c3035251c1d76ab1839ddaec8a6f263e8063c58a43391d9181,a42ddfa0f164494a181492a12c729f38919264d575df71a291cdd7720dd30597
voc,yolo11n,int8-entropy,fog,3,coco-area,small,0.23203203201048553,0.22462675583712527,0.007405276173360259,9775e43c09e3d18c0ef55bc72d79464bb73c2d3307dd18b7f0a87068965d100f,a2f5394aec0208948f0fd54cdce7e720aa14357d5c2ad2dec2b97aabb5509709
voc,yolo11n,int8-entropy,fog,3,coco-area,large,0.6779017453103144,0.658991965133862,0.018909780176452395,9775e43c09e3d18c0ef55bc72d79464bb73c2d3307dd18b7f0a87068965d100f,a2f5394aec0208948f0fd54cdce7e720aa14357d5c2ad2dec2b97aabb5509709
voc,yolo11n,fp8,fog,3,coco-area,small,0.21214317714139805,0.23399080031344477,-0.02184762317204672,c1fadbd074ceb9c3035251c1d76ab1839ddaec8a6f263e8063c58a43391d9181,ae9fe35c2ad4a2509e8d0f4402d4bc8f19c60c92eaa6b69d85bf4f916136b588
voc,yolo11n,fp8,fog,3,coco-area,large,0.6868345274383455,0.6713477883931819,0.015486739045163622,c1fadbd074ceb9c3035251c1d76ab1839ddaec8a6f263e8063c58a43391d9181,ae9fe35c2ad4a2509e8d0f4402d4bc8f19c60c92eaa6b69d85bf4f916136b588
voc,yolo11n,int8-entropy,fog,5,coco-area,small,0.23203203201048553,0.2578835288331874,-0.025851496822701853,9775e43c09e3d18c0ef55bc72d79464bb73c2d3307dd18b7f0a87068965d100f,cd1688b73af96355e879383895fa76c84b2fb79a6bb0d5e8001588c541c67f03
voc,yolo11n,int8-entropy,fog,5,coco-area,large,0.6779017453103144,0.6422086505521589,0.03569309475815552,9775e43c09e3d18c0ef55bc72d79464bb73c2d3307dd18b7f0a87068965d100f,cd1688b73af96355e879383895fa76c84b2fb79a6bb0d5e8001588c541c67f03
voc,yolo11n,fp8,fog,5,coco-area,small,0.21214317714139805,0.2260380826967706,-0.013894905555372539,c1fadbd074ceb9c3035251c1d76ab1839ddaec8a6f263e8063c58a43391d9181,cc71e6b63c2e448d7077f208d6e4839ab225b28a155f82ca8d428ba646081a29
voc,yolo11n,fp8,fog,5,coco-area,large,0.6868345274383455,0.6587120443577107,0.028122483080634808,c1fadbd074ceb9c3035251c1d76ab1839ddaec8a6f263e8063c58a43391d9181,cc71e6b63c2e448d7077f208d6e4839ab225b28a155f82ca8d428ba646081a29
voc,yolo11n,int8-entropy,gaussian_noise,1,coco-area,small,0.23203203201048553,0.19791406778090748,0.03411796422957805,9775e43c09e3d18c0ef55bc72d79464bb73c2d3307dd18b7f0a87068965d100f,01604c360a71f1e52f31778fe1d01ad0da5064a399c48d5a75f89657c625b406
voc,yolo11n,int8-entropy,gaussian_noise,1,coco-area,large,0.6779017453103144,0.6387480934146256,0.03915365189568887,9775e43c09e3d18c0ef55bc72d79464bb73c2d3307dd18b7f0a87068965d100f,01604c360a71f1e52f31778fe1d01ad0da5064a399c48d5a75f89657c625b406
voc,yolo11n,fp8,gaussian_noise,1,coco-area,small,0.21214317714139805,0.2451821887803257,-0.03303901163892764,c1fadbd074ceb9c3035251c1d76ab1839ddaec8a6f263e8063c58a43391d9181,9f0dc28ebdccad618534af07594f561485ac6a7c9df4163a5e36f0bbd50b2192
voc,yolo11n,fp8,gaussian_noise,1,coco-area,large,0.6868345274383455,0.6522671753964894,0.034567352041856125,c1fadbd074ceb9c3035251c1d76ab1839ddaec8a6f263e8063c58a43391d9181,9f0dc28ebdccad618534af07594f561485ac6a7c9df4163a5e36f0bbd50b2192
voc,yolo11n,int8-entropy,gaussian_noise,3,coco-area,small,0.23203203201048553,0.20609102773057736,0.02594100427990817,9775e43c09e3d18c0ef55bc72d79464bb73c2d3307dd18b7f0a87068965d100f,2dc9fc3b77a0bd47b9e8d9102f2ecc81abc7c72f49b76b1d6ba2d7fbbe5fdd0b
voc,yolo11n,int8-entropy,gaussian_noise,3,coco-area,large,0.6779017453103144,0.4820819858617654,0.195819759448549,9775e43c09e3d18c0ef55bc72d79464bb73c2d3307dd18b7f0a87068965d100f,2dc9fc3b77a0bd47b9e8d9102f2ecc81abc7c72f49b76b1d6ba2d7fbbe5fdd0b
voc,yolo11n,fp8,gaussian_noise,3,coco-area,small,0.21214317714139805,0.1930657160752896,0.019077461066108442,c1fadbd074ceb9c3035251c1d76ab1839ddaec8a6f263e8063c58a43391d9181,b531ac9c6a9e7ffcba6eea5b8ebc315bf774f946d2d61643d11d1d52094cab2c
voc,yolo11n,fp8,gaussian_noise,3,coco-area,large,0.6868345274383455,0.4955628108672674,0.1912717165710781,c1fadbd074ceb9c3035251c1d76ab1839ddaec8a6f263e8063c58a43391d9181,b531ac9c6a9e7ffcba6eea5b8ebc315bf774f946d2d61643d11d1d52094cab2c
voc,yolo11n,int8-entropy,gaussian_noise,5,coco-area,small,0.23203203201048553,0.09511150072388871,0.1369205312865968,9775e43c09e3d18c0ef55bc72d79464bb73c2d3307dd18b7f0a87068965d100f,69f53ae1bdd574501b522c98571599a3e6369bdf55f1327e9d5b854270c94729
voc,yolo11n,int8-entropy,gaussian_noise,5,coco-area,large,0.6779017453103144,0.16685311770677658,0.5110486276035379,9775e43c09e3d18c0ef55bc72d79464bb73c2d3307dd18b7f0a87068965d100f,69f53ae1bdd574501b522c98571599a3e6369bdf55f1327e9d5b854270c94729
voc,yolo11n,fp8,gaussian_noise,5,coco-area,small,0.21214317714139805,0.10325515331888128,0.10888802382251676,c1fadbd074ceb9c3035251c1d76ab1839ddaec8a6f263e8063c58a43391d9181,ecc62cb303fcf8287b207e0c4f45ee21859de7a1c2dadf0036428cf6e01af8ea
voc,yolo11n,fp8,gaussian_noise,5,coco-area,large,0.6868345274383455,0.17354477858623124,0.5132897488521142,c1fadbd074ceb9c3035251c1d76ab1839ddaec8a6f263e8063c58a43391d9181,ecc62cb303fcf8287b207e0c4f45ee21859de7a1c2dadf0036428cf6e01af8ea
voc,yolo11n,int8-entropy,jpeg,1,coco-area,small,0.23203203201048553,0.23982784458389414,-0.0077958125734086114,9775e43c09e3d18c0ef55bc72d79464bb73c2d3307dd18b7f0a87068965d100f,dbde63cc4b6691333e3c885100fad9cd3268074b73eb0cae30b1518d99dea36b
voc,yolo11n,int8-entropy,jpeg,1,coco-area,large,0.6779017453103144,0.6710864282390847,0.006815317071229732,9775e43c09e3d18c0ef55bc72d79464bb73c2d3307dd18b7f0a87068965d100f,dbde63cc4b6691333e3c885100fad9cd3268074b73eb0cae30b1518d99dea36b
voc,yolo11n,fp8,jpeg,1,coco-area,small,0.21214317714139805,0.2421252087838612,-0.02998203164246316,c1fadbd074ceb9c3035251c1d76ab1839ddaec8a6f263e8063c58a43391d9181,1d98fe6b802f69386e621f776abc8268be918be1fcc2ca552d0926463ebfc438
voc,yolo11n,fp8,jpeg,1,coco-area,large,0.6868345274383455,0.6848187634227004,0.002015764015645072,c1fadbd074ceb9c3035251c1d76ab1839ddaec8a6f263e8063c58a43391d9181,1d98fe6b802f69386e621f776abc8268be918be1fcc2ca552d0926463ebfc438
voc,yolo11n,int8-entropy,jpeg,3,coco-area,small,0.23203203201048553,0.19620459843678253,0.035827433573702994,9775e43c09e3d18c0ef55bc72d79464bb73c2d3307dd18b7f0a87068965d100f,851fa5a4c0b39ee17593efb924ab5542b37b1ac710e248f90062a393f1aaf203
voc,yolo11n,int8-entropy,jpeg,3,coco-area,large,0.6779017453103144,0.6560994140227595,0.021802331287554932,9775e43c09e3d18c0ef55bc72d79464bb73c2d3307dd18b7f0a87068965d100f,851fa5a4c0b39ee17593efb924ab5542b37b1ac710e248f90062a393f1aaf203
voc,yolo11n,fp8,jpeg,3,coco-area,small,0.21214317714139805,0.23065564273655353,-0.018512465595155486,c1fadbd074ceb9c3035251c1d76ab1839ddaec8a6f263e8063c58a43391d9181,754203f0937f5dbd8d796c069a4aac5bfd5df9fc477c0796c80f8f7c0d08bdac
voc,yolo11n,fp8,jpeg,3,coco-area,large,0.6868345274383455,0.6705207602047112,0.016313767233634313,c1fadbd074ceb9c3035251c1d76ab1839ddaec8a6f263e8063c58a43391d9181,754203f0937f5dbd8d796c069a4aac5bfd5df9fc477c0796c80f8f7c0d08bdac
voc,yolo11n,int8-entropy,jpeg,5,coco-area,small,0.23203203201048553,0.12835321704430755,0.10367881496617798,9775e43c09e3d18c0ef55bc72d79464bb73c2d3307dd18b7f0a87068965d100f,eced9f10d79d7d24e5d27664a5ebca0b78b163fbe38df2e95c348ae505941442
voc,yolo11n,int8-entropy,jpeg,5,coco-area,large,0.6779017453103144,0.4794132765836413,0.19848846872667314,9775e43c09e3d18c0ef55bc72d79464bb73c2d3307dd18b7f0a87068965d100f,eced9f10d79d7d24e5d27664a5ebca0b78b163fbe38df2e95c348ae505941442
voc,yolo11n,fp8,jpeg,5,coco-area,small,0.21214317714139805,0.11461670413352863,0.09752647300786942,c1fadbd074ceb9c3035251c1d76ab1839ddaec8a6f263e8063c58a43391d9181,25fa9379278b8b060b68be561345b3e18f927c154b2fee216427772258284573
voc,yolo11n,fp8,jpeg,5,coco-area,large,0.6868345274383455,0.48833295997510334,0.19850156746324216,c1fadbd074ceb9c3035251c1d76ab1839ddaec8a6f263e8063c58a43391d9181,25fa9379278b8b060b68be561345b3e18f927c154b2fee216427772258284573
voc,yolo11n,int8-entropy,motion_blur,1,coco-area,small,0.23203203201048553,0.18075963866928127,0.05127239334120426,9775e43c09e3d18c0ef55bc72d79464bb73c2d3307dd18b7f0a87068965d100f,e28dadfbd4a1761cd6038ece00c6383f0b45602a875afed31de758e39811ce52
voc,yolo11n,int8-entropy,motion_blur,1,coco-area,large,0.6779017453103144,0.5834493133604519,0.09445243194986253,9775e43c09e3d18c0ef55bc72d79464bb73c2d3307dd18b7f0a87068965d100f,e28dadfbd4a1761cd6038ece00c6383f0b45602a875afed31de758e39811ce52
voc,yolo11n,fp8,motion_blur,1,coco-area,small,0.21214317714139805,0.17716659813011776,0.03497657901128029,c1fadbd074ceb9c3035251c1d76ab1839ddaec8a6f263e8063c58a43391d9181,423324d69bc956c55bf4a4cca1926a002904a4fb31d20816a4e6b1908993788b
voc,yolo11n,fp8,motion_blur,1,coco-area,large,0.6868345274383455,0.592874125121458,0.09396040231688751,c1fadbd074ceb9c3035251c1d76ab1839ddaec8a6f263e8063c58a43391d9181,423324d69bc956c55bf4a4cca1926a002904a4fb31d20816a4e6b1908993788b
voc,yolo11n,int8-entropy,motion_blur,3,coco-area,small,0.23203203201048553,0.01625891057934153,0.215773121431144,9775e43c09e3d18c0ef55bc72d79464bb73c2d3307dd18b7f0a87068965d100f,d9cd2ff953180daf1073b97a5664892dc3610279b22f2f7fb56bd5d1268f3cf9
voc,yolo11n,int8-entropy,motion_blur,3,coco-area,large,0.6779017453103144,0.20086212970021414,0.47703961561010033,9775e43c09e3d18c0ef55bc72d79464bb73c2d3307dd18b7f0a87068965d100f,d9cd2ff953180daf1073b97a5664892dc3610279b22f2f7fb56bd5d1268f3cf9
voc,yolo11n,fp8,motion_blur,3,coco-area,small,0.21214317714139805,0.012097507089356831,0.2000456700520412,c1fadbd074ceb9c3035251c1d76ab1839ddaec8a6f263e8063c58a43391d9181,496ef554c7e9f054b0a239fd5fcca13df14a70ff8ca32a9f222c2cdbe67dcd83
voc,yolo11n,fp8,motion_blur,3,coco-area,large,0.6868345274383455,0.22588417340308053,0.46095035403526496,c1fadbd074ceb9c3035251c1d76ab1839ddaec8a6f263e8063c58a43391d9181,496ef554c7e9f054b0a239fd5fcca13df14a70ff8ca32a9f222c2cdbe67dcd83
voc,yolo11n,int8-entropy,motion_blur,5,coco-area,small,0.23203203201048553,0.0009812588401697314,0.2310507731703158,9775e43c09e3d18c0ef55bc72d79464bb73c2d3307dd18b7f0a87068965d100f,ade7799810a744f77e631ef2f8ca0d176865beeea7f171fef51f2b0e0aef75a6
voc,yolo11n,int8-entropy,motion_blur,5,coco-area,large,0.6779017453103144,0.05890441692028792,0.6189973283900265,9775e43c09e3d18c0ef55bc72d79464bb73c2d3307dd18b7f0a87068965d100f,ade7799810a744f77e631ef2f8ca0d176865beeea7f171fef51f2b0e0aef75a6
voc,yolo11n,fp8,motion_blur,5,coco-area,small,0.21214317714139805,0.0017553630363036303,0.2103878141050944,c1fadbd074ceb9c3035251c1d76ab1839ddaec8a6f263e8063c58a43391d9181,de94a60e6c83e4bf181139fc69b222580664a68e66a48bd669a979c41b42be5c
voc,yolo11n,fp8,motion_blur,5,coco-area,large,0.6868345274383455,0.0688756101527492,0.6179589172855963,c1fadbd074ceb9c3035251c1d76ab1839ddaec8a6f263e8063c58a43391d9181,de94a60e6c83e4bf181139fc69b222580664a68e66a48bd669a979c41b42be5c
voc,yolo11x,int8-entropy,fog,1,coco-area,small,0.2997773875437566,0.2982841736340323,0.0014932139097242891,97bf2a2be419b643be918506342d378d94a52fbc80284b972f6f693d9dbe5aa0,918e7154997dd463bcf8f4d03c928589125f3fa4f10deb062a48dfa749a180ad
voc,yolo11x,int8-entropy,fog,1,coco-area,large,0.7491915947460835,0.7455190401375406,0.0036725546085429883,97bf2a2be419b643be918506342d378d94a52fbc80284b972f6f693d9dbe5aa0,918e7154997dd463bcf8f4d03c928589125f3fa4f10deb062a48dfa749a180ad
voc,yolo11x,fp8,fog,1,coco-area,small,0.3411528119232734,0.34406736595128906,-0.002914554028015659,f1356e255339835d7adb43cec069ca41448ad5b97563da21dca544c8ea8aa672,a4520b392c9c8f0a75913658574525917fd7819baf8b51bf9940bd159a687f38
voc,yolo11x,fp8,fog,1,coco-area,large,0.7590773318746117,0.7587480238553537,0.00032930801925801223,f1356e255339835d7adb43cec069ca41448ad5b97563da21dca544c8ea8aa672,a4520b392c9c8f0a75913658574525917fd7819baf8b51bf9940bd159a687f38
voc,yolo11x,int8-entropy,fog,3,coco-area,small,0.2997773875437566,0.32171017232979005,-0.021932784786033444,97bf2a2be419b643be918506342d378d94a52fbc80284b972f6f693d9dbe5aa0,21ef63d7a748651ccc3b2f25632abbef85918ed383dfa0df60aa942d95803cac
voc,yolo11x,int8-entropy,fog,3,coco-area,large,0.7491915947460835,0.7402223601579259,0.008969234588157682,97bf2a2be419b643be918506342d378d94a52fbc80284b972f6f693d9dbe5aa0,21ef63d7a748651ccc3b2f25632abbef85918ed383dfa0df60aa942d95803cac
voc,yolo11x,fp8,fog,3,coco-area,small,0.3411528119232734,0.3546595999491502,-0.013506788025876793,f1356e255339835d7adb43cec069ca41448ad5b97563da21dca544c8ea8aa672,9924370c5166aaef93b44795797fe441d86735bd2685c494cbac0cd1a426d307
voc,yolo11x,fp8,fog,3,coco-area,large,0.7590773318746117,0.7524594737945283,0.006617858080083416,f1356e255339835d7adb43cec069ca41448ad5b97563da21dca544c8ea8aa672,9924370c5166aaef93b44795797fe441d86735bd2685c494cbac0cd1a426d307
voc,yolo11x,int8-entropy,fog,5,coco-area,small,0.2997773875437566,0.37661040968744225,-0.07683302214368565,97bf2a2be419b643be918506342d378d94a52fbc80284b972f6f693d9dbe5aa0,3777e3001ff65f32cd53afe6aa6a432f89ce06ab06120d23e78f0691a2148932
voc,yolo11x,int8-entropy,fog,5,coco-area,large,0.7491915947460835,0.7286433965675475,0.020548198178536037,97bf2a2be419b643be918506342d378d94a52fbc80284b972f6f693d9dbe5aa0,3777e3001ff65f32cd53afe6aa6a432f89ce06ab06120d23e78f0691a2148932
voc,yolo11x,fp8,fog,5,coco-area,small,0.3411528119232734,0.37444605017303567,-0.03329323824976227,f1356e255339835d7adb43cec069ca41448ad5b97563da21dca544c8ea8aa672,c1a432394827f08184585d1f7f60b41c9dc0a52d03699bde7d0578824d8a28ed
voc,yolo11x,fp8,fog,5,coco-area,large,0.7590773318746117,0.7433387366257933,0.015738595248818377,f1356e255339835d7adb43cec069ca41448ad5b97563da21dca544c8ea8aa672,c1a432394827f08184585d1f7f60b41c9dc0a52d03699bde7d0578824d8a28ed
voc,yolo11x,int8-entropy,gaussian_noise,1,coco-area,small,0.2997773875437566,0.3007758891328551,-0.0009985015890984772,97bf2a2be419b643be918506342d378d94a52fbc80284b972f6f693d9dbe5aa0,66d065cf5b43b08e9e53e8bb162bd414781fa9b864c13ab290b47b2afbb2e642
voc,yolo11x,int8-entropy,gaussian_noise,1,coco-area,large,0.7491915947460835,0.7227829292898117,0.02640866545627185,97bf2a2be419b643be918506342d378d94a52fbc80284b972f6f693d9dbe5aa0,66d065cf5b43b08e9e53e8bb162bd414781fa9b864c13ab290b47b2afbb2e642
voc,yolo11x,fp8,gaussian_noise,1,coco-area,small,0.3411528119232734,0.30901255677839506,0.03214025514487834,f1356e255339835d7adb43cec069ca41448ad5b97563da21dca544c8ea8aa672,1c2df9742c534ba33237dc9095a51d22df345384f43daafe9c368ff43081f38c
voc,yolo11x,fp8,gaussian_noise,1,coco-area,large,0.7590773318746117,0.738018911729234,0.021058420145377732,f1356e255339835d7adb43cec069ca41448ad5b97563da21dca544c8ea8aa672,1c2df9742c534ba33237dc9095a51d22df345384f43daafe9c368ff43081f38c
voc,yolo11x,int8-entropy,gaussian_noise,3,coco-area,small,0.2997773875437566,0.2566270212114746,0.043150366332281975,97bf2a2be419b643be918506342d378d94a52fbc80284b972f6f693d9dbe5aa0,6d0a73606975ebf4a3951d13e9758e559b268744d905577151e198a98304f1ae
voc,yolo11x,int8-entropy,gaussian_noise,3,coco-area,large,0.7491915947460835,0.6339302395399928,0.11526135520609071,97bf2a2be419b643be918506342d378d94a52fbc80284b972f6f693d9dbe5aa0,6d0a73606975ebf4a3951d13e9758e559b268744d905577151e198a98304f1ae
voc,yolo11x,fp8,gaussian_noise,3,coco-area,small,0.3411528119232734,0.2841554919210444,0.05699732000222901,f1356e255339835d7adb43cec069ca41448ad5b97563da21dca544c8ea8aa672,62fda44f6042f92500d934d16c1dd118d2f7e9527ecffe9412c14c91e4265dc1
voc,yolo11x,fp8,gaussian_noise,3,coco-area,large,0.7590773318746117,0.6531760221666534,0.1059013097079583,f1356e255339835d7adb43cec069ca41448ad5b97563da21dca544c8ea8aa672,62fda44f6042f92500d934d16c1dd118d2f7e9527ecffe9412c14c91e4265dc1
voc,yolo11x,int8-entropy,gaussian_noise,5,coco-area,small,0.2997773875437566,0.1661415777755443,0.1336358097682123,97bf2a2be419b643be918506342d378d94a52fbc80284b972f6f693d9dbe5aa0,552fa511a14b4206ad419178f81e9ebd0f12db924173087009d872df7f43f6a1
voc,yolo11x,int8-entropy,gaussian_noise,5,coco-area,large,0.7491915947460835,0.3822365179636799,0.36695507678240363,97bf2a2be419b643be918506342d378d94a52fbc80284b972f6f693d9dbe5aa0,552fa511a14b4206ad419178f81e9ebd0f12db924173087009d872df7f43f6a1
voc,yolo11x,fp8,gaussian_noise,5,coco-area,small,0.3411528119232734,0.15152842358694713,0.18962438833632628,f1356e255339835d7adb43cec069ca41448ad5b97563da21dca544c8ea8aa672,6af8df943dc11e52d2a9af6798c5fb6324eb7679031cf15a61ade8086cbc6c78
voc,yolo11x,fp8,gaussian_noise,5,coco-area,large,0.7590773318746117,0.4036162592699045,0.35546107260470716,f1356e255339835d7adb43cec069ca41448ad5b97563da21dca544c8ea8aa672,6af8df943dc11e52d2a9af6798c5fb6324eb7679031cf15a61ade8086cbc6c78
voc,yolo11x,int8-entropy,jpeg,1,coco-area,small,0.2997773875437566,0.3430353008230877,-0.043257913279331095,97bf2a2be419b643be918506342d378d94a52fbc80284b972f6f693d9dbe5aa0,a7e86e28f41c973dfd129cb6ecbffc3e89d66e26c914bcb5a39ea83cec4f3174
voc,yolo11x,int8-entropy,jpeg,1,coco-area,large,0.7491915947460835,0.7439359545732556,0.00525564017282798,97bf2a2be419b643be918506342d378d94a52fbc80284b972f6f693d9dbe5aa0,a7e86e28f41c973dfd129cb6ecbffc3e89d66e26c914bcb5a39ea83cec4f3174
voc,yolo11x,fp8,jpeg,1,coco-area,small,0.3411528119232734,0.3421604637779705,-0.0010076518546970892,f1356e255339835d7adb43cec069ca41448ad5b97563da21dca544c8ea8aa672,dabab1bc5c6ebe917df4379a1e4c34d4cabeac7db349b083fc75a557b61f3a15
voc,yolo11x,fp8,jpeg,1,coco-area,large,0.7590773318746117,0.7528788521840514,0.00619847969056031,f1356e255339835d7adb43cec069ca41448ad5b97563da21dca544c8ea8aa672,dabab1bc5c6ebe917df4379a1e4c34d4cabeac7db349b083fc75a557b61f3a15
voc,yolo11x,int8-entropy,jpeg,3,coco-area,small,0.2997773875437566,0.2809713293869185,0.018806058156838112,97bf2a2be419b643be918506342d378d94a52fbc80284b972f6f693d9dbe5aa0,2d42f456a7906942cfa9a73ae64842d172f7ede03d830dc52843c555470a5e5e
voc,yolo11x,int8-entropy,jpeg,3,coco-area,large,0.7491915947460835,0.7278530341648324,0.021338560581251165,97bf2a2be419b643be918506342d378d94a52fbc80284b972f6f693d9dbe5aa0,2d42f456a7906942cfa9a73ae64842d172f7ede03d830dc52843c555470a5e5e
voc,yolo11x,fp8,jpeg,3,coco-area,small,0.3411528119232734,0.28329057135531305,0.057862240567960355,f1356e255339835d7adb43cec069ca41448ad5b97563da21dca544c8ea8aa672,2ed675878d32f326794deb0de1c9d1e7db5bd7214526a5f6d641ca2cf79bcef9
voc,yolo11x,fp8,jpeg,3,coco-area,large,0.7590773318746117,0.7379027174050667,0.02117461446954494,f1356e255339835d7adb43cec069ca41448ad5b97563da21dca544c8ea8aa672,2ed675878d32f326794deb0de1c9d1e7db5bd7214526a5f6d641ca2cf79bcef9
voc,yolo11x,int8-entropy,jpeg,5,coco-area,small,0.2997773875437566,0.17440263402346265,0.12537475352029395,97bf2a2be419b643be918506342d378d94a52fbc80284b972f6f693d9dbe5aa0,17bcb2f33fecb37ebe5d0b7b5a4a10e58920758b49a032b8c37b1ec854225eef
voc,yolo11x,int8-entropy,jpeg,5,coco-area,large,0.7491915947460835,0.5802230913689995,0.16896850337708402,97bf2a2be419b643be918506342d378d94a52fbc80284b972f6f693d9dbe5aa0,17bcb2f33fecb37ebe5d0b7b5a4a10e58920758b49a032b8c37b1ec854225eef
voc,yolo11x,fp8,jpeg,5,coco-area,small,0.3411528119232734,0.16387840565745837,0.17727440626581503,f1356e255339835d7adb43cec069ca41448ad5b97563da21dca544c8ea8aa672,17e91103d9d52f6ebecf36582eb5cb532c75d07420e6a0d138c304ded8c91259
voc,yolo11x,fp8,jpeg,5,coco-area,large,0.7590773318746117,0.5543607770037756,0.20471655487083606,f1356e255339835d7adb43cec069ca41448ad5b97563da21dca544c8ea8aa672,17e91103d9d52f6ebecf36582eb5cb532c75d07420e6a0d138c304ded8c91259
voc,yolo11x,int8-entropy,motion_blur,1,coco-area,small,0.2997773875437566,0.19146907346294462,0.10830831408081198,97bf2a2be419b643be918506342d378d94a52fbc80284b972f6f693d9dbe5aa0,ce54e8c6c0c78b988cb7e0f193087ba2cceb00432793c8bf8c0dd4e178491bd5
voc,yolo11x,int8-entropy,motion_blur,1,coco-area,large,0.7491915947460835,0.6911631430253194,0.058028451720764096,97bf2a2be419b643be918506342d378d94a52fbc80284b972f6f693d9dbe5aa0,ce54e8c6c0c78b988cb7e0f193087ba2cceb00432793c8bf8c0dd4e178491bd5
voc,yolo11x,fp8,motion_blur,1,coco-area,small,0.3411528119232734,0.214119184406835,0.1270336275164384,f1356e255339835d7adb43cec069ca41448ad5b97563da21dca544c8ea8aa672,d0dff47c11334fb5f42ef5a56e988e12c542679f758bb93c000c7534024d1893
voc,yolo11x,fp8,motion_blur,1,coco-area,large,0.7590773318746117,0.7064829914273983,0.05259434044721334,f1356e255339835d7adb43cec069ca41448ad5b97563da21dca544c8ea8aa672,d0dff47c11334fb5f42ef5a56e988e12c542679f758bb93c000c7534024d1893
voc,yolo11x,int8-entropy,motion_blur,3,coco-area,small,0.2997773875437566,0.011816941416108026,0.2879604461276486,97bf2a2be419b643be918506342d378d94a52fbc80284b972f6f693d9dbe5aa0,0d869a1af9919c1f4fa288baa58518695226801848d4285d7df7dc7a655304c9
voc,yolo11x,int8-entropy,motion_blur,3,coco-area,large,0.7491915947460835,0.3078850385578595,0.44130655618822406,97bf2a2be419b643be918506342d378d94a52fbc80284b972f6f693d9dbe5aa0,0d869a1af9919c1f4fa288baa58518695226801848d4285d7df7dc7a655304c9
voc,yolo11x,fp8,motion_blur,3,coco-area,small,0.3411528119232734,0.011495492429111282,0.3296573194941621,f1356e255339835d7adb43cec069ca41448ad5b97563da21dca544c8ea8aa672,29bc2e91b4ceaa94f3b123716a6ccb95c8ce8911d25d0ba5ce3cbdc7a9a1a782
voc,yolo11x,fp8,motion_blur,3,coco-area,large,0.7590773318746117,0.338881980310783,0.4201953515638287,f1356e255339835d7adb43cec069ca41448ad5b97563da21dca544c8ea8aa672,29bc2e91b4ceaa94f3b123716a6ccb95c8ce8911d25d0ba5ce3cbdc7a9a1a782
voc,yolo11x,int8-entropy,motion_blur,5,coco-area,small,0.2997773875437566,0.0009495949594959493,0.2988277925842607,97bf2a2be419b643be918506342d378d94a52fbc80284b972f6f693d9dbe5aa0,dcafee26f954e5e00c42ea3742c27773496a5eb5183c57d03dfbb6d1c09619ac
voc,yolo11x,int8-entropy,motion_blur,5,coco-area,large,0.7491915947460835,0.08364751878099257,0.665544075965091,97bf2a2be419b643be918506342d378d94a52fbc80284b972f6f693d9dbe5aa0,dcafee26f954e5e00c42ea3742c27773496a5eb5183c57d03dfbb6d1c09619ac
voc,yolo11x,fp8,motion_blur,5,coco-area,small,0.3411528119232734,0.00017326732673267326,0.34097954459654073,f1356e255339835d7adb43cec069ca41448ad5b97563da21dca544c8ea8aa672,187bf265fcb7f5cc1d67d670a9b2f09d731025f7bd099c0f7db75af15593cdc2
voc,yolo11x,fp8,motion_blur,5,coco-area,large,0.7590773318746117,0.09938649715204918,0.6596908347225625,f1356e255339835d7adb43cec069ca41448ad5b97563da21dca544c8ea8aa672,187bf265fcb7f5cc1d67d670a9b2f09d731025f7bd099c0f7db75af15593cdc2
